run_id,timestamp,prompt_id,dataset,category,split,system,repeat_idx,prompt_template_version,parser_version,route_chosen,route_attempt_sequence,escalations_count,decision_reason,final_answer_source,reasoning_mode,symbolic_parse_success,sympy_solve_success,answer_raw,answer_parsed,parse_success,ground_truth,correct,total_latency_ms,timeout_flag,energy_start_mwh,energy_end_mwh,energy_delta_mwh,energy_per_prompt_mwh,error_code,model_name,quantization,temperature,top_p,top_k,seed,timeout_sec,config_version,router_version
hybrid_v2_20260221_235921,2026-02-21T23:59:21.504791,AR_000001,deepmind_math,AR,industry_tier1_40_v2,hybrid_v2,1,PT3_phi_chat,P3_numeric_context,symbolic,A5(Primary route for AR),0,Primary route for AR,symbolic,symbolic,1,0,[A5 symbolic: 4 - (5 - (3 + 2)) = 4],4,1,4,1,1.688,0,306.00,1543.00,1237.00,30.93,E0,Phi-4-Mini,Q6_K,0.0,1.0,1,42,20,v1.0,v2.0
hybrid_v2_20260221_235921,2026-02-21T23:59:21.605604,AR_000001,deepmind_math,AR,industry_tier1_40_v2,hybrid_v2,2,PT3_phi_chat,P3_numeric_context,symbolic,A5(Primary route for AR),0,Primary route for AR,symbolic,symbolic,1,0,[A5 symbolic: 4 - (5 - (3 + 2)) = 4],4,1,4,1,0.516,0,306.00,1543.00,1237.00,30.93,E0,Phi-4-Mini,Q6_K,0.0,1.0,1,42,20,v1.0,v2.0
hybrid_v2_20260221_235921,2026-02-21T23:59:21.706366,AR_000001,deepmind_math,AR,industry_tier1_40_v2,hybrid_v2,3,PT3_phi_chat,P3_numeric_context,symbolic,A5(Primary route for AR),0,Primary route for AR,symbolic,symbolic,1,0,[A5 symbolic: 4 - (5 - (3 + 2)) = 4],4,1,4,1,0.456,0,306.00,1543.00,1237.00,30.93,E0,Phi-4-Mini,Q6_K,0.0,1.0,1,42,20,v1.0,v2.0
hybrid_v2_20260221_235921,2026-02-21T23:59:21.707047,AR_000002,deepmind_math,AR,industry_tier1_40_v2,hybrid_v2,1,PT3_phi_chat,P3_numeric_context,symbolic,A5(Primary route for AR),0,Primary route for AR,symbolic,symbolic,1,0,[A5 symbolic: -2 + -1 + (10 + -7 - -4) = 4],4,1,4,1,0.470,0,306.00,1543.00,1237.00,30.93,E0,Phi-4-Mini,Q6_K,0.0,1.0,1,42,20,v1.0,v2.0
hybrid_v2_20260221_235921,2026-02-21T23:59:21.807858,AR_000002,deepmind_math,AR,industry_tier1_40_v2,hybrid_v2,2,PT3_phi_chat,P3_numeric_context,symbolic,A5(Primary route for AR),0,Primary route for AR,symbolic,symbolic,1,0,[A5 symbolic: -2 + -1 + (10 + -7 - -4) = 4],4,1,4,1,0.590,0,306.00,1543.00,1237.00,30.93,E0,Phi-4-Mini,Q6_K,0.0,1.0,1,42,20,v1.0,v2.0
hybrid_v2_20260221_235921,2026-02-21T23:59:21.908741,AR_000002,deepmind_math,AR,industry_tier1_40_v2,hybrid_v2,3,PT3_phi_chat,P3_numeric_context,symbolic,A5(Primary route for AR),0,Primary route for AR,symbolic,symbolic,1,0,[A5 symbolic: -2 + -1 + (10 + -7 - -4) = 4],4,1,4,1,0.587,0,306.00,1543.00,1237.00,30.93,E0,Phi-4-Mini,Q6_K,0.0,1.0,1,42,20,v1.0,v2.0
hybrid_v2_20260221_235921,2026-02-21T23:59:21.909328,AR_000003,deepmind_math,AR,industry_tier1_40_v2,hybrid_v2,1,PT3_phi_chat,P3_numeric_context,symbolic,A5(Primary route for AR),0,Primary route for AR,symbolic,symbolic,1,0,[A5 symbolic: -7.5 - -2320.5 = 2313],2313,1,2313,1,0.378,0,306.00,1543.00,1237.00,30.93,E0,Phi-4-Mini,Q6_K,0.0,1.0,1,42,20,v1.0,v2.0
hybrid_v2_20260221_235921,2026-02-21T23:59:22.010033,AR_000003,deepmind_math,AR,industry_tier1_40_v2,hybrid_v2,2,PT3_phi_chat,P3_numeric_context,symbolic,A5(Primary route for AR),0,Primary route for AR,symbolic,symbolic,1,0,[A5 symbolic: -7.5 - -2320.5 = 2313],2313,1,2313,1,0.455,0,306.00,1543.00,1237.00,30.93,E0,Phi-4-Mini,Q6_K,0.0,1.0,1,42,20,v1.0,v2.0
hybrid_v2_20260221_235921,2026-02-21T23:59:22.111405,AR_000003,deepmind_math,AR,industry_tier1_40_v2,hybrid_v2,3,PT3_phi_chat,P3_numeric_context,symbolic,A5(Primary route for AR),0,Primary route for AR,symbolic,symbolic,1,0,[A5 symbolic: -7.5 - -2320.5 = 2313],2313,1,2313,1,0.994,0,306.00,1543.00,1237.00,30.93,E0,Phi-4-Mini,Q6_K,0.0,1.0,1,42,20,v1.0,v2.0
hybrid_v2_20260221_235921,2026-02-21T23:59:22.112619,AR_000004,deepmind_math,AR,industry_tier1_40_v2,hybrid_v2,1,PT3_phi_chat,P3_numeric_context,symbolic,A5(Primary route for AR),0,Primary route for AR,symbolic,symbolic,1,0,[A5 symbolic: -1*-201 = 201],201,1,201,1,0.768,0,306.00,1543.00,1237.00,30.93,E0,Phi-4-Mini,Q6_K,0.0,1.0,1,42,20,v1.0,v2.0
hybrid_v2_20260221_235921,2026-02-21T23:59:22.213940,AR_000004,deepmind_math,AR,industry_tier1_40_v2,hybrid_v2,2,PT3_phi_chat,P3_numeric_context,symbolic,A5(Primary route for AR),0,Primary route for AR,symbolic,symbolic,1,0,[A5 symbolic: -1*-201 = 201],201,1,201,1,0.869,0,306.00,1543.00,1237.00,30.93,E0,Phi-4-Mini,Q6_K,0.0,1.0,1,42,20,v1.0,v2.0
hybrid_v2_20260221_235921,2026-02-21T23:59:22.315361,AR_000004,deepmind_math,AR,industry_tier1_40_v2,hybrid_v2,3,PT3_phi_chat,P3_numeric_context,symbolic,A5(Primary route for AR),0,Primary route for AR,symbolic,symbolic,1,0,[A5 symbolic: -1*-201 = 201],201,1,201,1,0.924,0,306.00,1543.00,1237.00,30.93,E0,Phi-4-Mini,Q6_K,0.0,1.0,1,42,20,v1.0,v2.0
hybrid_v2_20260221_235921,2026-02-21T23:59:22.317204,AR_000005,deepmind_math,AR,industry_tier1_40_v2,hybrid_v2,1,PT3_phi_chat,P3_numeric_context,symbolic,A5(Primary route for AR),0,Primary route for AR,symbolic,symbolic,1,0,[A5 symbolic: ((-2)/(-3) + -1)/((-2)/6) = 1],1,1,1,1,1.438,0,306.00,1543.00,1237.00,30.93,E0,Phi-4-Mini,Q6_K,0.0,1.0,1,42,20,v1.0,v2.0
hybrid_v2_20260221_235921,2026-02-21T23:59:22.419089,AR_000005,deepmind_math,AR,industry_tier1_40_v2,hybrid_v2,2,PT3_phi_chat,P3_numeric_context,symbolic,A5(Primary route for AR),0,Primary route for AR,symbolic,symbolic,1,0,[A5 symbolic: ((-2)/(-3) + -1)/((-2)/6) = 1],1,1,1,1,1.375,0,306.00,1543.00,1237.00,30.93,E0,Phi-4-Mini,Q6_K,0.0,1.0,1,42,20,v1.0,v2.0
hybrid_v2_20260221_235921,2026-02-21T23:59:22.521417,AR_000005,deepmind_math,AR,industry_tier1_40_v2,hybrid_v2,3,PT3_phi_chat,P3_numeric_context,symbolic,A5(Primary route for AR),0,Primary route for AR,symbolic,symbolic,1,0,[A5 symbolic: ((-2)/(-3) + -1)/((-2)/6) = 1],1,1,1,1,1.775,0,306.00,1543.00,1237.00,30.93,E0,Phi-4-Mini,Q6_K,0.0,1.0,1,42,20,v1.0,v2.0
hybrid_v2_20260221_235921,2026-02-21T23:59:22.522844,AR_000006,deepmind_math,AR,industry_tier1_40_v2,hybrid_v2,1,PT3_phi_chat,P3_numeric_context,symbolic,A5(Primary route for AR),0,Primary route for AR,symbolic,symbolic,1,0,[A5 symbolic: ((-32)/6 - -2)/(104/156) = -5],-5,1,-5,1,0.963,0,306.00,1543.00,1237.00,30.93,E0,Phi-4-Mini,Q6_K,0.0,1.0,1,42,20,v1.0,v2.0
hybrid_v2_20260221_235921,2026-02-21T23:59:22.624053,AR_000006,deepmind_math,AR,industry_tier1_40_v2,hybrid_v2,2,PT3_phi_chat,P3_numeric_context,symbolic,A5(Primary route for AR),0,Primary route for AR,symbolic,symbolic,1,0,[A5 symbolic: ((-32)/6 - -2)/(104/156) = -5],-5,1,-5,1,0.715,0,306.00,1543.00,1237.00,30.93,E0,Phi-4-Mini,Q6_K,0.0,1.0,1,42,20,v1.0,v2.0
hybrid_v2_20260221_235921,2026-02-21T23:59:22.725337,AR_000006,deepmind_math,AR,industry_tier1_40_v2,hybrid_v2,3,PT3_phi_chat,P3_numeric_context,symbolic,A5(Primary route for AR),0,Primary route for AR,symbolic,symbolic,1,0,[A5 symbolic: ((-32)/6 - -2)/(104/156) = -5],-5,1,-5,1,0.867,0,306.00,1543.00,1237.00,30.93,E0,Phi-4-Mini,Q6_K,0.0,1.0,1,42,20,v1.0,v2.0
hybrid_v2_20260221_235921,2026-02-21T23:59:22.726371,AR_000007,deepmind_math,AR,industry_tier1_40_v2,hybrid_v2,1,PT3_phi_chat,P3_numeric_context,symbolic,A5(Primary route for AR),0,Primary route for AR,symbolic,symbolic,1,0,[A5 symbolic: -3 - 2 - (-4 + -3 - 2) = 4],4,1,4,1,0.700,0,306.00,1543.00,1237.00,30.93,E0,Phi-4-Mini,Q6_K,0.0,1.0,1,42,20,v1.0,v2.0
hybrid_v2_20260221_235921,2026-02-21T23:59:22.827688,AR_000007,deepmind_math,AR,industry_tier1_40_v2,hybrid_v2,2,PT3_phi_chat,P3_numeric_context,symbolic,A5(Primary route for AR),0,Primary route for AR,symbolic,symbolic,1,0,[A5 symbolic: -3 - 2 - (-4 + -3 - 2) = 4],4,1,4,1,0.936,0,306.00,1543.00,1237.00,30.93,E0,Phi-4-Mini,Q6_K,0.0,1.0,1,42,20,v1.0,v2.0
hybrid_v2_20260221_235921,2026-02-21T23:59:22.929098,AR_000007,deepmind_math,AR,industry_tier1_40_v2,hybrid_v2,3,PT3_phi_chat,P3_numeric_context,symbolic,A5(Primary route for AR),0,Primary route for AR,symbolic,symbolic,1,0,[A5 symbolic: -3 - 2 - (-4 + -3 - 2) = 4],4,1,4,1,0.936,0,306.00,1543.00,1237.00,30.93,E0,Phi-4-Mini,Q6_K,0.0,1.0,1,42,20,v1.0,v2.0
hybrid_v2_20260221_235921,2026-02-21T23:59:22.930412,AR_000008,deepmind_math,AR,industry_tier1_40_v2,hybrid_v2,1,PT3_phi_chat,P3_numeric_context,symbolic,A5(Primary route for AR),0,Primary route for AR,symbolic,symbolic,1,0,[A5 symbolic: -8 - (-3 + 0) - -3 = -2],-2,1,-2,1,0.907,0,306.00,1543.00,1237.00,30.93,E0,Phi-4-Mini,Q6_K,0.0,1.0,1,42,20,v1.0,v2.0
hybrid_v2_20260221_235921,2026-02-21T23:59:23.031866,AR_000008,deepmind_math,AR,industry_tier1_40_v2,hybrid_v2,2,PT3_phi_chat,P3_numeric_context,symbolic,A5(Primary route for AR),0,Primary route for AR,symbolic,symbolic,1,0,[A5 symbolic: -8 - (-3 + 0) - -3 = -2],-2,1,-2,1,1.038,0,306.00,1543.00,1237.00,30.93,E0,Phi-4-Mini,Q6_K,0.0,1.0,1,42,20,v1.0,v2.0
hybrid_v2_20260221_235921,2026-02-21T23:59:23.133429,AR_000008,deepmind_math,AR,industry_tier1_40_v2,hybrid_v2,3,PT3_phi_chat,P3_numeric_context,symbolic,A5(Primary route for AR),0,Primary route for AR,symbolic,symbolic,1,0,[A5 symbolic: -8 - (-3 + 0) - -3 = -2],-2,1,-2,1,1.087,0,306.00,1543.00,1237.00,30.93,E0,Phi-4-Mini,Q6_K,0.0,1.0,1,42,20,v1.0,v2.0
hybrid_v2_20260221_235921,2026-02-21T23:59:23.135510,AR_000009,deepmind_math,AR,industry_tier1_40_v2,hybrid_v2,1,PT3_phi_chat,P3_numeric_context,symbolic,A5(Primary route for AR),0,Primary route for AR,symbolic,symbolic,1,0,[A5 symbolic: 710 / 142 = 5],5,1,5,1,1.718,0,306.00,1543.00,1237.00,30.93,E0,Phi-4-Mini,Q6_K,0.0,1.0,1,42,20,v1.0,v2.0
hybrid_v2_20260221_235921,2026-02-21T23:59:23.236659,AR_000009,deepmind_math,AR,industry_tier1_40_v2,hybrid_v2,2,PT3_phi_chat,P3_numeric_context,symbolic,A5(Primary route for AR),0,Primary route for AR,symbolic,symbolic,1,0,[A5 symbolic: 710 / 142 = 5],5,1,5,1,0.711,0,306.00,1543.00,1237.00,30.93,E0,Phi-4-Mini,Q6_K,0.0,1.0,1,42,20,v1.0,v2.0
hybrid_v2_20260221_235921,2026-02-21T23:59:23.337941,AR_000009,deepmind_math,AR,industry_tier1_40_v2,hybrid_v2,3,PT3_phi_chat,P3_numeric_context,symbolic,A5(Primary route for AR),0,Primary route for AR,symbolic,symbolic,1,0,[A5 symbolic: 710 / 142 = 5],5,1,5,1,0.794,0,306.00,1543.00,1237.00,30.93,E0,Phi-4-Mini,Q6_K,0.0,1.0,1,42,20,v1.0,v2.0
hybrid_v2_20260221_235921,2026-02-21T23:59:23.339021,AR_000010,deepmind_math,AR,industry_tier1_40_v2,hybrid_v2,1,PT3_phi_chat,P3_numeric_context,symbolic,A5(Primary route for AR),0,Primary route for AR,symbolic,symbolic,1,0,[A5 symbolic: -12028 / 3007 = -4],-4,1,-4,1,0.672,0,306.00,1543.00,1237.00,30.93,E0,Phi-4-Mini,Q6_K,0.0,1.0,1,42,20,v1.0,v2.0
hybrid_v2_20260221_235921,2026-02-21T23:59:23.440170,AR_000010,deepmind_math,AR,industry_tier1_40_v2,hybrid_v2,2,PT3_phi_chat,P3_numeric_context,symbolic,A5(Primary route for AR),0,Primary route for AR,symbolic,symbolic,1,0,[A5 symbolic: -12028 / 3007 = -4],-4,1,-4,1,0.712,0,306.00,1543.00,1237.00,30.93,E0,Phi-4-Mini,Q6_K,0.0,1.0,1,42,20,v1.0,v2.0
hybrid_v2_20260221_235921,2026-02-21T23:59:23.541534,AR_000010,deepmind_math,AR,industry_tier1_40_v2,hybrid_v2,3,PT3_phi_chat,P3_numeric_context,symbolic,A5(Primary route for AR),0,Primary route for AR,symbolic,symbolic,1,0,[A5 symbolic: -12028 / 3007 = -4],-4,1,-4,1,0.881,0,306.00,1543.00,1237.00,30.93,E0,Phi-4-Mini,Q6_K,0.0,1.0,1,42,20,v1.0,v2.0
hybrid_v2_20260221_235921,2026-02-21T23:59:23.726636,ALG_000001,deepmind_math,ALG,industry_tier1_40_v2,hybrid_v2,1,PT3_phi_chat,P3_numeric_context,sympy,A4(Primary route for ALG),0,Primary route for ALG,sympy,symbolic,1,1,"[A4: ['27 = -4*d - 5*z - 9', '4*z + 12 = d'] solve d → -4]",-4,1,-4,1,184.701,0,306.00,1543.00,1237.00,30.93,E0,Phi-4-Mini,Q6_K,0.0,1.0,1,42,20,v1.0,v2.0
hybrid_v2_20260221_235921,2026-02-21T23:59:23.838717,ALG_000001,deepmind_math,ALG,industry_tier1_40_v2,hybrid_v2,2,PT3_phi_chat,P3_numeric_context,sympy,A4(Primary route for ALG),0,Primary route for ALG,sympy,symbolic,1,1,"[A4: ['27 = -4*d - 5*z - 9', '4*z + 12 = d'] solve d → -4]",-4,1,-4,1,11.726,0,306.00,1543.00,1237.00,30.93,E0,Phi-4-Mini,Q6_K,0.0,1.0,1,42,20,v1.0,v2.0
hybrid_v2_20260221_235921,2026-02-21T23:59:23.950442,ALG_000001,deepmind_math,ALG,industry_tier1_40_v2,hybrid_v2,3,PT3_phi_chat,P3_numeric_context,sympy,A4(Primary route for ALG),0,Primary route for ALG,sympy,symbolic,1,1,"[A4: ['27 = -4*d - 5*z - 9', '4*z + 12 = d'] solve d → -4]",-4,1,-4,1,11.381,0,306.00,1543.00,1237.00,30.93,E0,Phi-4-Mini,Q6_K,0.0,1.0,1,42,20,v1.0,v2.0
hybrid_v2_20260221_235921,2026-02-21T23:59:23.991049,ALG_000002,deepmind_math,ALG,industry_tier1_40_v2,hybrid_v2,1,PT3_phi_chat,P3_numeric_context,sympy,A4(Primary route for ALG),0,Primary route for ALG,sympy,symbolic,1,1,"[A4: ['c + c - 5*p = -25', '5 = 2*c + p'] solve c → 0]",0,1,0,1,40.330,0,306.00,1543.00,1237.00,30.93,E0,Phi-4-Mini,Q6_K,0.0,1.0,1,42,20,v1.0,v2.0
hybrid_v2_20260221_235921,2026-02-21T23:59:24.103605,ALG_000002,deepmind_math,ALG,industry_tier1_40_v2,hybrid_v2,2,PT3_phi_chat,P3_numeric_context,sympy,A4(Primary route for ALG),0,Primary route for ALG,sympy,symbolic,1,1,"[A4: ['c + c - 5*p = -25', '5 = 2*c + p'] solve c → 0]",0,1,0,1,12.203,0,306.00,1543.00,1237.00,30.93,E0,Phi-4-Mini,Q6_K,0.0,1.0,1,42,20,v1.0,v2.0
hybrid_v2_20260221_235921,2026-02-21T23:59:24.215211,ALG_000002,deepmind_math,ALG,industry_tier1_40_v2,hybrid_v2,3,PT3_phi_chat,P3_numeric_context,sympy,A4(Primary route for ALG),0,Primary route for ALG,sympy,symbolic,1,1,"[A4: ['c + c - 5*p = -25', '5 = 2*c + p'] solve c → 0]",0,1,0,1,11.256,0,306.00,1543.00,1237.00,30.93,E0,Phi-4-Mini,Q6_K,0.0,1.0,1,42,20,v1.0,v2.0
hybrid_v2_20260221_235921,2026-02-21T23:59:24.238345,ALG_000003,deepmind_math,ALG,industry_tier1_40_v2,hybrid_v2,1,PT3_phi_chat,P3_numeric_context,sympy,A4(Primary route for ALG),0,Primary route for ALG,sympy,symbolic,1,1,[A4: ['0 = -37*o + 41*o - 8'] solve o → 2],2,1,2,1,22.862,0,306.00,1543.00,1237.00,30.93,E0,Phi-4-Mini,Q6_K,0.0,1.0,1,42,20,v1.0,v2.0
hybrid_v2_20260221_235921,2026-02-21T23:59:24.345584,ALG_000003,deepmind_math,ALG,industry_tier1_40_v2,hybrid_v2,2,PT3_phi_chat,P3_numeric_context,sympy,A4(Primary route for ALG),0,Primary route for ALG,sympy,symbolic,1,1,[A4: ['0 = -37*o + 41*o - 8'] solve o → 2],2,1,2,1,6.900,0,306.00,1543.00,1237.00,30.93,E0,Phi-4-Mini,Q6_K,0.0,1.0,1,42,20,v1.0,v2.0
hybrid_v2_20260221_235921,2026-02-21T23:59:24.452563,ALG_000003,deepmind_math,ALG,industry_tier1_40_v2,hybrid_v2,3,PT3_phi_chat,P3_numeric_context,sympy,A4(Primary route for ALG),0,Primary route for ALG,sympy,symbolic,1,1,[A4: ['0 = -37*o + 41*o - 8'] solve o → 2],2,1,2,1,6.651,0,306.00,1543.00,1237.00,30.93,E0,Phi-4-Mini,Q6_K,0.0,1.0,1,42,20,v1.0,v2.0
hybrid_v2_20260221_235921,2026-02-21T23:59:24.493801,ALG_000004,deepmind_math,ALG,industry_tier1_40_v2,hybrid_v2,1,PT3_phi_chat,P3_numeric_context,sympy,A4(Primary route for ALG),0,Primary route for ALG,sympy,symbolic,1,1,"[A4: ['15 = o + 2*t + 4', '-18 = -3*o - t'] solve o → 5]",5,1,5,1,40.965,0,306.00,1543.00,1237.00,30.93,E0,Phi-4-Mini,Q6_K,0.0,1.0,1,42,20,v1.0,v2.0
hybrid_v2_20260221_235921,2026-02-21T23:59:24.605315,ALG_000004,deepmind_math,ALG,industry_tier1_40_v2,hybrid_v2,2,PT3_phi_chat,P3_numeric_context,sympy,A4(Primary route for ALG),0,Primary route for ALG,sympy,symbolic,1,1,"[A4: ['15 = o + 2*t + 4', '-18 = -3*o - t'] solve o → 5]",5,1,5,1,11.133,0,306.00,1543.00,1237.00,30.93,E0,Phi-4-Mini,Q6_K,0.0,1.0,1,42,20,v1.0,v2.0
hybrid_v2_20260221_235921,2026-02-21T23:59:24.716978,ALG_000004,deepmind_math,ALG,industry_tier1_40_v2,hybrid_v2,3,PT3_phi_chat,P3_numeric_context,sympy,A4(Primary route for ALG),0,Primary route for ALG,sympy,symbolic,1,1,"[A4: ['15 = o + 2*t + 4', '-18 = -3*o - t'] solve o → 5]",5,1,5,1,11.303,0,306.00,1543.00,1237.00,30.93,E0,Phi-4-Mini,Q6_K,0.0,1.0,1,42,20,v1.0,v2.0
hybrid_v2_20260221_235921,2026-02-21T23:59:25.095336,ALG_000005,deepmind_math,ALG,industry_tier1_40_v2,hybrid_v2,1,PT3_phi_chat,P3_numeric_context,sympy,A4(Primary route for ALG),0,Primary route for ALG,sympy,symbolic,1,1,[A4: ['4*t**3 - 648*t**2 + 34992*t - 629856 = 0'] solve t → 54],54,1,54,1,378.090,0,306.00,1543.00,1237.00,30.93,E0,Phi-4-Mini,Q6_K,0.0,1.0,1,42,20,v1.0,v2.0
hybrid_v2_20260221_235921,2026-02-21T23:59:25.207453,ALG_000005,deepmind_math,ALG,industry_tier1_40_v2,hybrid_v2,2,PT3_phi_chat,P3_numeric_context,sympy,A4(Primary route for ALG),0,Primary route for ALG,sympy,symbolic,1,1,[A4: ['4*t**3 - 648*t**2 + 34992*t - 629856 = 0'] solve t → 54],54,1,54,1,11.762,0,306.00,1543.00,1237.00,30.93,E0,Phi-4-Mini,Q6_K,0.0,1.0,1,42,20,v1.0,v2.0
hybrid_v2_20260221_235921,2026-02-21T23:59:25.318834,ALG_000005,deepmind_math,ALG,industry_tier1_40_v2,hybrid_v2,3,PT3_phi_chat,P3_numeric_context,sympy,A4(Primary route for ALG),0,Primary route for ALG,sympy,symbolic,1,1,[A4: ['4*t**3 - 648*t**2 + 34992*t - 629856 = 0'] solve t → 54],54,1,54,1,11.039,0,306.00,1543.00,1237.00,30.93,E0,Phi-4-Mini,Q6_K,0.0,1.0,1,42,20,v1.0,v2.0
hybrid_v2_20260221_235921,2026-02-21T23:59:25.362700,ALG_000006,deepmind_math,ALG,industry_tier1_40_v2,hybrid_v2,1,PT3_phi_chat,P3_numeric_context,sympy,A4(Primary route for ALG),0,Primary route for ALG,sympy,symbolic,1,1,"[A4: ['4*b - 4 = 4*p', '0 = -2*b - 2*p - 2*p + 14'] solve b → 3]",3,1,3,1,43.591,0,306.00,1543.00,1237.00,30.93,E0,Phi-4-Mini,Q6_K,0.0,1.0,1,42,20,v1.0,v2.0
hybrid_v2_20260221_235921,2026-02-21T23:59:25.475022,ALG_000006,deepmind_math,ALG,industry_tier1_40_v2,hybrid_v2,2,PT3_phi_chat,P3_numeric_context,sympy,A4(Primary route for ALG),0,Primary route for ALG,sympy,symbolic,1,1,"[A4: ['4*b - 4 = 4*p', '0 = -2*b - 2*p - 2*p + 14'] solve b → 3]",3,1,3,1,11.980,0,306.00,1543.00,1237.00,30.93,E0,Phi-4-Mini,Q6_K,0.0,1.0,1,42,20,v1.0,v2.0
hybrid_v2_20260221_235921,2026-02-21T23:59:25.587328,ALG_000006,deepmind_math,ALG,industry_tier1_40_v2,hybrid_v2,3,PT3_phi_chat,P3_numeric_context,sympy,A4(Primary route for ALG),0,Primary route for ALG,sympy,symbolic,1,1,"[A4: ['4*b - 4 = 4*p', '0 = -2*b - 2*p - 2*p + 14'] solve b → 3]",3,1,3,1,11.965,0,306.00,1543.00,1237.00,30.93,E0,Phi-4-Mini,Q6_K,0.0,1.0,1,42,20,v1.0,v2.0
hybrid_v2_20260221_235921,2026-02-21T23:59:25.616888,ALG_000007,deepmind_math,ALG,industry_tier1_40_v2,hybrid_v2,1,PT3_phi_chat,P3_numeric_context,sympy,A4(Primary route for ALG),0,Primary route for ALG,sympy,symbolic,1,1,[A4: ['5*m - 7 - 18 = 0'] solve m → 5],5,1,5,1,29.283,0,306.00,1543.00,1237.00,30.93,E0,Phi-4-Mini,Q6_K,0.0,1.0,1,42,20,v1.0,v2.0
hybrid_v2_20260221_235921,2026-02-21T23:59:25.723863,ALG_000007,deepmind_math,ALG,industry_tier1_40_v2,hybrid_v2,2,PT3_phi_chat,P3_numeric_context,sympy,A4(Primary route for ALG),0,Primary route for ALG,sympy,symbolic,1,1,[A4: ['5*m - 7 - 18 = 0'] solve m → 5],5,1,5,1,6.662,0,306.00,1543.00,1237.00,30.93,E0,Phi-4-Mini,Q6_K,0.0,1.0,1,42,20,v1.0,v2.0
hybrid_v2_20260221_235921,2026-02-21T23:59:25.830793,ALG_000007,deepmind_math,ALG,industry_tier1_40_v2,hybrid_v2,3,PT3_phi_chat,P3_numeric_context,sympy,A4(Primary route for ALG),0,Primary route for ALG,sympy,symbolic,1,1,[A4: ['5*m - 7 - 18 = 0'] solve m → 5],5,1,5,1,6.591,0,306.00,1543.00,1237.00,30.93,E0,Phi-4-Mini,Q6_K,0.0,1.0,1,42,20,v1.0,v2.0
hybrid_v2_20260221_235921,2026-02-21T23:59:25.853802,ALG_000008,deepmind_math,ALG,industry_tier1_40_v2,hybrid_v2,1,PT3_phi_chat,P3_numeric_context,sympy,A4(Primary route for ALG),0,Primary route for ALG,sympy,symbolic,1,1,[A4: ['-554*z = -562*z - 24'] solve z → -3],-3,1,-3,1,22.781,0,306.00,1543.00,1237.00,30.93,E0,Phi-4-Mini,Q6_K,0.0,1.0,1,42,20,v1.0,v2.0
hybrid_v2_20260221_235921,2026-02-21T23:59:25.961107,ALG_000008,deepmind_math,ALG,industry_tier1_40_v2,hybrid_v2,2,PT3_phi_chat,P3_numeric_context,sympy,A4(Primary route for ALG),0,Primary route for ALG,sympy,symbolic,1,1,[A4: ['-554*z = -562*z - 24'] solve z → -3],-3,1,-3,1,6.970,0,306.00,1543.00,1237.00,30.93,E0,Phi-4-Mini,Q6_K,0.0,1.0,1,42,20,v1.0,v2.0
hybrid_v2_20260221_235921,2026-02-21T23:59:26.068476,ALG_000008,deepmind_math,ALG,industry_tier1_40_v2,hybrid_v2,3,PT3_phi_chat,P3_numeric_context,sympy,A4(Primary route for ALG),0,Primary route for ALG,sympy,symbolic,1,1,[A4: ['-554*z = -562*z - 24'] solve z → -3],-3,1,-3,1,6.941,0,306.00,1543.00,1237.00,30.93,E0,Phi-4-Mini,Q6_K,0.0,1.0,1,42,20,v1.0,v2.0
hybrid_v2_20260221_235921,2026-02-21T23:59:26.105937,ALG_000009,deepmind_math,ALG,industry_tier1_40_v2,hybrid_v2,1,PT3_phi_chat,P3_numeric_context,sympy,A4(Primary route for ALG),0,Primary route for ALG,sympy,symbolic,1,1,"[A4: ['-2*m - 4*n = -4*m - 20', '-4*n + 20 = -m'] solve m → 0]",0,1,0,1,37.185,0,306.00,1543.00,1237.00,30.93,E0,Phi-4-Mini,Q6_K,0.0,1.0,1,42,20,v1.0,v2.0
hybrid_v2_20260221_235921,2026-02-21T23:59:26.218435,ALG_000009,deepmind_math,ALG,industry_tier1_40_v2,hybrid_v2,2,PT3_phi_chat,P3_numeric_context,sympy,A4(Primary route for ALG),0,Primary route for ALG,sympy,symbolic,1,1,"[A4: ['-2*m - 4*n = -4*m - 20', '-4*n + 20 = -m'] solve m → 0]",0,1,0,1,12.141,0,306.00,1543.00,1237.00,30.93,E0,Phi-4-Mini,Q6_K,0.0,1.0,1,42,20,v1.0,v2.0
hybrid_v2_20260221_235921,2026-02-21T23:59:26.330630,ALG_000009,deepmind_math,ALG,industry_tier1_40_v2,hybrid_v2,3,PT3_phi_chat,P3_numeric_context,sympy,A4(Primary route for ALG),0,Primary route for ALG,sympy,symbolic,1,1,"[A4: ['-2*m - 4*n = -4*m - 20', '-4*n + 20 = -m'] solve m → 0]",0,1,0,1,11.861,0,306.00,1543.00,1237.00,30.93,E0,Phi-4-Mini,Q6_K,0.0,1.0,1,42,20,v1.0,v2.0
hybrid_v2_20260221_235921,2026-02-21T23:59:26.348336,ALG_000010,deepmind_math,ALG,industry_tier1_40_v2,hybrid_v2,1,PT3_phi_chat,P3_numeric_context,sympy,A4(Primary route for ALG),0,Primary route for ALG,sympy,symbolic,1,1,[A4: ['-9*f + 13*f = -28'] solve f → -7],-7,1,-7,1,17.435,0,306.00,1543.00,1237.00,30.93,E0,Phi-4-Mini,Q6_K,0.0,1.0,1,42,20,v1.0,v2.0
hybrid_v2_20260221_235921,2026-02-21T23:59:26.455138,ALG_000010,deepmind_math,ALG,industry_tier1_40_v2,hybrid_v2,2,PT3_phi_chat,P3_numeric_context,sympy,A4(Primary route for ALG),0,Primary route for ALG,sympy,symbolic,1,1,[A4: ['-9*f + 13*f = -28'] solve f → -7],-7,1,-7,1,6.459,0,306.00,1543.00,1237.00,30.93,E0,Phi-4-Mini,Q6_K,0.0,1.0,1,42,20,v1.0,v2.0
hybrid_v2_20260221_235921,2026-02-21T23:59:26.561966,ALG_000010,deepmind_math,ALG,industry_tier1_40_v2,hybrid_v2,3,PT3_phi_chat,P3_numeric_context,sympy,A4(Primary route for ALG),0,Primary route for ALG,sympy,symbolic,1,1,[A4: ['-9*f + 13*f = -28'] solve f → -7],-7,1,-7,1,6.486,0,306.00,1543.00,1237.00,30.93,E0,Phi-4-Mini,Q6_K,0.0,1.0,1,42,20,v1.0,v2.0
hybrid_v2_20260221_235921,2026-02-21T23:59:59.200597,WP_000001,gsm8k,WP,industry_tier1_40_v2,hybrid_v2,1,PT3_phi_chat,P3_numeric_context,llm,A1(Primary route for WP) → A2(Fallback from A1 due to parse_failure),2,Primary route for WP,llm,extended,0,0,"Each adult gets 6 chocolate bars, so 4 adults",,0,2,0,32636.721,0,306.00,1543.00,1237.00,30.93,E8,Phi-4-Mini,Q6_K,0.0,1.0,1,42,20,v1.0,v2.0
hybrid_v2_20260221_235921,2026-02-22T00:00:31.979492,WP_000001,gsm8k,WP,industry_tier1_40_v2,hybrid_v2,2,PT3_phi_chat,P3_numeric_context,llm,A1(Primary route for WP) → A2(Fallback from A1 due to parse_failure),2,Primary route for WP,llm,extended,0,0,"Each adult gets 6 chocolate bars, so 4 adults",,0,2,0,32677.901,0,306.00,1543.00,1237.00,30.93,E8,Phi-4-Mini,Q6_K,0.0,1.0,1,42,20,v1.0,v2.0
hybrid_v2_20260221_235921,2026-02-22T00:01:04.675101,WP_000001,gsm8k,WP,industry_tier1_40_v2,hybrid_v2,3,PT3_phi_chat,P3_numeric_context,llm,A1(Primary route for WP) → A2(Fallback from A1 due to parse_failure),2,Primary route for WP,llm,extended,0,0,"Each adult gets 6 chocolate bars, so 4 adults",,0,2,0,32594.635,0,306.00,1543.00,1237.00,30.93,E8,Phi-4-Mini,Q6_K,0.0,1.0,1,42,20,v1.0,v2.0
hybrid_v2_20260221_235921,2026-02-22T00:01:26.052422,WP_000002,gsm8k,WP,industry_tier1_40_v2,hybrid_v2,1,PT3_phi_chat,P3_numeric_context,llm,A1(Primary route for WP) → A2(Fallback from A1 due to parse_failure),2,Primary route for WP,llm,extended,0,0,"Jean pays $6,750 for the makeup artist's services",,0,27000,0,21376.405,0,306.00,1543.00,1237.00,30.93,E8,Phi-4-Mini,Q6_K,0.0,1.0,1,42,20,v1.0,v2.0
hybrid_v2_20260221_235921,2026-02-22T00:01:47.552807,WP_000002,gsm8k,WP,industry_tier1_40_v2,hybrid_v2,2,PT3_phi_chat,P3_numeric_context,llm,A1(Primary route for WP) → A2(Fallback from A1 due to parse_failure),2,Primary route for WP,llm,extended,0,0,"Jean pays $6,750 for the makeup artist's services",,0,27000,0,21399.459,0,306.00,1543.00,1237.00,30.93,E8,Phi-4-Mini,Q6_K,0.0,1.0,1,42,20,v1.0,v2.0
hybrid_v2_20260221_235921,2026-02-22T00:02:08.950911,WP_000002,gsm8k,WP,industry_tier1_40_v2,hybrid_v2,3,PT3_phi_chat,P3_numeric_context,llm,A1(Primary route for WP) → A2(Fallback from A1 due to parse_failure),2,Primary route for WP,llm,extended,0,0,"Jean pays $6,750 for the makeup artist's services",,0,27000,0,21297.185,0,306.00,1543.00,1237.00,30.93,E8,Phi-4-Mini,Q6_K,0.0,1.0,1,42,20,v1.0,v2.0
hybrid_v2_20260221_235921,2026-02-22T00:02:25.371240,WP_000003,gsm8k,WP,industry_tier1_40_v2,hybrid_v2,1,PT3_phi_chat,P3_numeric_context,llm,A1(Primary route for WP) → A2(Fallback from A1 due to parse_failure),2,Primary route for WP,llm,extended,0,0,Melanie started with 21 vacuum cleaners. ,,0,18,0,16419.342,0,306.00,1543.00,1237.00,30.93,E8,Phi-4-Mini,Q6_K,0.0,1.0,1,42,20,v1.0,v2.0
hybrid_v2_20260221_235921,2026-02-22T00:02:41.958846,WP_000003,gsm8k,WP,industry_tier1_40_v2,hybrid_v2,2,PT3_phi_chat,P3_numeric_context,llm,A1(Primary route for WP) → A2(Fallback from A1 due to parse_failure),2,Primary route for WP,llm,extended,0,0,Melanie started with 21 vacuum cleaners. ,,0,18,0,16486.691,0,306.00,1543.00,1237.00,30.93,E8,Phi-4-Mini,Q6_K,0.0,1.0,1,42,20,v1.0,v2.0
hybrid_v2_20260221_235921,2026-02-22T00:02:58.494612,WP_000003,gsm8k,WP,industry_tier1_40_v2,hybrid_v2,3,PT3_phi_chat,P3_numeric_context,llm,A1(Primary route for WP) → A2(Fallback from A1 due to parse_failure),2,Primary route for WP,llm,extended,0,0,Melanie started with 21 vacuum cleaners. ,,0,18,0,16434.847,0,306.00,1543.00,1237.00,30.93,E8,Phi-4-Mini,Q6_K,0.0,1.0,1,42,20,v1.0,v2.0
hybrid_v2_20260221_235921,2026-02-22T00:03:21.395085,WP_000004,gsm8k,WP,industry_tier1_40_v2,hybrid_v2,1,PT3_phi_chat,P3_numeric_context,llm,A1(Primary route for WP) → A2(Fallback from A1 due to parse_failure),2,Primary route for WP,llm,extended,0,0,The bus traveled 60 miles/hour * 5 hours =,,0,60,0,22899.249,0,306.00,1543.00,1237.00,30.93,E8,Phi-4-Mini,Q6_K,0.0,1.0,1,42,20,v1.0,v2.0
hybrid_v2_20260221_235921,2026-02-22T00:03:44.365788,WP_000004,gsm8k,WP,industry_tier1_40_v2,hybrid_v2,2,PT3_phi_chat,P3_numeric_context,llm,A1(Primary route for WP) → A2(Fallback from A1 due to parse_failure),2,Primary route for WP,llm,extended,0,0,The bus traveled 60 miles/hour * 5 hours =,,0,60,0,22869.579,0,306.00,1543.00,1237.00,30.93,E8,Phi-4-Mini,Q6_K,0.0,1.0,1,42,20,v1.0,v2.0
hybrid_v2_20260221_235921,2026-02-22T00:04:07.310808,WP_000004,gsm8k,WP,industry_tier1_40_v2,hybrid_v2,3,PT3_phi_chat,P3_numeric_context,llm,A1(Primary route for WP) → A2(Fallback from A1 due to parse_failure),2,Primary route for WP,llm,extended,0,0,The bus traveled 60 miles/hour * 5 hours =,,0,60,0,22843.982,0,306.00,1543.00,1237.00,30.93,E8,Phi-4-Mini,Q6_K,0.0,1.0,1,42,20,v1.0,v2.0
hybrid_v2_20260221_235921,2026-02-22T00:04:39.161402,WP_000005,gsm8k,WP,industry_tier1_40_v2,hybrid_v2,1,PT3_phi_chat,P3_numeric_context,llm,A1(Primary route for WP) → A2(Fallback from A1 due to parse_failure),2,Primary route for WP,llm,extended,0,0,Ruiz makes 120 pounds of chocolates in 2 hours,,0,1800,0,31849.668,0,306.00,1543.00,1237.00,30.93,E8,Phi-4-Mini,Q6_K,0.0,1.0,1,42,20,v1.0,v2.0
hybrid_v2_20260221_235921,2026-02-22T00:05:11.090713,WP_000005,gsm8k,WP,industry_tier1_40_v2,hybrid_v2,2,PT3_phi_chat,P3_numeric_context,llm,A1(Primary route for WP) → A2(Fallback from A1 due to parse_failure),2,Primary route for WP,llm,extended,0,0,Ruiz makes 120 pounds of chocolates in 2 hours,,0,1800,0,31828.124,0,306.00,1543.00,1237.00,30.93,E8,Phi-4-Mini,Q6_K,0.0,1.0,1,42,20,v1.0,v2.0
hybrid_v2_20260221_235921,2026-02-22T00:05:43.024097,WP_000005,gsm8k,WP,industry_tier1_40_v2,hybrid_v2,3,PT3_phi_chat,P3_numeric_context,llm,A1(Primary route for WP) → A2(Fallback from A1 due to parse_failure),2,Primary route for WP,llm,extended,0,0,Ruiz makes 120 pounds of chocolates in 2 hours,,0,1800,0,31832.425,0,306.00,1543.00,1237.00,30.93,E8,Phi-4-Mini,Q6_K,0.0,1.0,1,42,20,v1.0,v2.0
hybrid_v2_20260221_235921,2026-02-22T00:06:06.875069,WP_000006,gsm8k,WP,industry_tier1_40_v2,hybrid_v2,1,PT3_phi_chat,P3_numeric_context,llm,A1(Primary route for WP) → A2(Fallback from A1 due to parse_failure),1,Primary route for WP,llm,extended,0,0,The total cost for the picture frames is 44 * $20 = $880.,880,1,1198,0,23850.096,0,306.00,1543.00,1237.00,30.93,E5,Phi-4-Mini,Q6_K,0.0,1.0,1,42,20,v1.0,v2.0
hybrid_v2_20260221_235921,2026-02-22T00:06:30.750978,WP_000006,gsm8k,WP,industry_tier1_40_v2,hybrid_v2,2,PT3_phi_chat,P3_numeric_context,llm,A1(Primary route for WP) → A2(Fallback from A1 due to parse_failure),1,Primary route for WP,llm,extended,0,0,The total cost for the picture frames is 44 * $20 = $880.,880,1,1198,0,23774.905,0,306.00,1543.00,1237.00,30.93,E5,Phi-4-Mini,Q6_K,0.0,1.0,1,42,20,v1.0,v2.0
hybrid_v2_20260221_235921,2026-02-22T00:06:54.689642,WP_000006,gsm8k,WP,industry_tier1_40_v2,hybrid_v2,3,PT3_phi_chat,P3_numeric_context,llm,A1(Primary route for WP) → A2(Fallback from A1 due to parse_failure),1,Primary route for WP,llm,extended,0,0,The total cost for the picture frames is 44 * $20 = $880.,880,1,1198,0,23837.729,0,306.00,1543.00,1237.00,30.93,E5,Phi-4-Mini,Q6_K,0.0,1.0,1,42,20,v1.0,v2.0
hybrid_v2_20260221_235921,2026-02-22T00:07:28.828730,WP_000007,gsm8k,WP,industry_tier1_40_v2,hybrid_v2,1,PT3_phi_chat,P3_numeric_context,llm,A1(Primary route for WP) → A2(Fallback from A1 due to parse_failure),1,Primary route for WP,llm,extended,0,0,"Jack had $100. Sophia gave him 1/5 of her $100, which is $100 * 1/5 = $20.",20,1,120,0,34138.280,0,306.00,1543.00,1237.00,30.93,E5,Phi-4-Mini,Q6_K,0.0,1.0,1,42,20,v1.0,v2.0
hybrid_v2_20260221_235921,2026-02-22T00:08:03.063037,WP_000007,gsm8k,WP,industry_tier1_40_v2,hybrid_v2,2,PT3_phi_chat,P3_numeric_context,llm,A1(Primary route for WP) → A2(Fallback from A1 due to parse_failure),1,Primary route for WP,llm,extended,0,0,"Jack had $100. Sophia gave him 1/5 of her $100, which is $100 * 1/5 = $20.",20,1,120,0,34133.373,0,306.00,1543.00,1237.00,30.93,E5,Phi-4-Mini,Q6_K,0.0,1.0,1,42,20,v1.0,v2.0
hybrid_v2_20260221_235921,2026-02-22T00:08:37.310731,WP_000007,gsm8k,WP,industry_tier1_40_v2,hybrid_v2,3,PT3_phi_chat,P3_numeric_context,llm,A1(Primary route for WP) → A2(Fallback from A1 due to parse_failure),1,Primary route for WP,llm,extended,0,0,"Jack had $100. Sophia gave him 1/5 of her $100, which is $100 * 1/5 = $20.",20,1,120,0,34146.742,0,306.00,1543.00,1237.00,30.93,E5,Phi-4-Mini,Q6_K,0.0,1.0,1,42,20,v1.0,v2.0
hybrid_v2_20260221_235921,2026-02-22T00:09:11.753373,WP_000008,gsm8k,WP,industry_tier1_40_v2,hybrid_v2,1,PT3_phi_chat,P3_numeric_context,llm,A1(Primary route for WP) → A2(Fallback from A1 due to parse_failure),2,Primary route for WP,llm,extended,0,0,"Grandma spends 40 minutes walking on the beach, which",,0,50,0,34441.717,0,306.00,1543.00,1237.00,30.93,E8,Phi-4-Mini,Q6_K,0.0,1.0,1,42,20,v1.0,v2.0
hybrid_v2_20260221_235921,2026-02-22T00:09:46.285737,WP_000008,gsm8k,WP,industry_tier1_40_v2,hybrid_v2,2,PT3_phi_chat,P3_numeric_context,llm,A1(Primary route for WP) → A2(Fallback from A1 due to parse_failure),2,Primary route for WP,llm,extended,0,0,"Grandma spends 40 minutes walking on the beach, which",,0,50,0,34431.406,0,306.00,1543.00,1237.00,30.93,E8,Phi-4-Mini,Q6_K,0.0,1.0,1,42,20,v1.0,v2.0
hybrid_v2_20260221_235921,2026-02-22T00:10:20.870721,WP_000008,gsm8k,WP,industry_tier1_40_v2,hybrid_v2,3,PT3_phi_chat,P3_numeric_context,llm,A1(Primary route for WP) → A2(Fallback from A1 due to parse_failure),2,Primary route for WP,llm,extended,0,0,"Grandma spends 40 minutes walking on the beach, which",,0,50,0,34484.016,0,306.00,1543.00,1237.00,30.93,E8,Phi-4-Mini,Q6_K,0.0,1.0,1,42,20,v1.0,v2.0
hybrid_v2_20260221_235921,2026-02-22T00:10:43.888161,WP_000009,gsm8k,WP,industry_tier1_40_v2,hybrid_v2,1,PT3_phi_chat,P3_numeric_context,llm,A1(Primary route for WP) → A2(Fallback from A1 due to parse_failure),2,Primary route for WP,llm,extended,0,0,Let's denote the number of tennis balls retrieved in the second set,,0,10,0,23016.710,0,306.00,1543.00,1237.00,30.93,E8,Phi-4-Mini,Q6_K,0.0,1.0,1,42,20,v1.0,v2.0
hybrid_v2_20260221_235921,2026-02-22T00:11:06.990023,WP_000009,gsm8k,WP,industry_tier1_40_v2,hybrid_v2,2,PT3_phi_chat,P3_numeric_context,llm,A1(Primary route for WP) → A2(Fallback from A1 due to parse_failure),2,Primary route for WP,llm,extended,0,0,Let's denote the number of tennis balls retrieved in the second set,,0,10,0,23000.814,0,306.00,1543.00,1237.00,30.93,E8,Phi-4-Mini,Q6_K,0.0,1.0,1,42,20,v1.0,v2.0
hybrid_v2_20260221_235921,2026-02-22T00:11:30.008361,WP_000009,gsm8k,WP,industry_tier1_40_v2,hybrid_v2,3,PT3_phi_chat,P3_numeric_context,llm,A1(Primary route for WP) → A2(Fallback from A1 due to parse_failure),2,Primary route for WP,llm,extended,0,0,Let's denote the number of tennis balls retrieved in the second set,,0,10,0,22917.487,0,306.00,1543.00,1237.00,30.93,E8,Phi-4-Mini,Q6_K,0.0,1.0,1,42,20,v1.0,v2.0
hybrid_v2_20260221_235921,2026-02-22T00:11:36.686632,WP_000010,gsm8k,WP,industry_tier1_40_v2,hybrid_v2,1,PT3_phi_chat,P3_numeric_context,llm,A1(Primary route for WP),0,Primary route for WP,llm,short,0,0,The trip took 7 hours.,7,1,6,0,6677.601,0,306.00,1543.00,1237.00,30.93,E5,Phi-4-Mini,Q6_K,0.0,1.0,1,42,20,v1.0,v2.0
hybrid_v2_20260221_235921,2026-02-22T00:11:43.402648,WP_000010,gsm8k,WP,industry_tier1_40_v2,hybrid_v2,2,PT3_phi_chat,P3_numeric_context,llm,A1(Primary route for WP),0,Primary route for WP,llm,short,0,0,The trip took 7 hours.,7,1,6,0,6615.408,0,306.00,1543.00,1237.00,30.93,E5,Phi-4-Mini,Q6_K,0.0,1.0,1,42,20,v1.0,v2.0
hybrid_v2_20260221_235921,2026-02-22T00:11:50.105163,WP_000010,gsm8k,WP,industry_tier1_40_v2,hybrid_v2,3,PT3_phi_chat,P3_numeric_context,llm,A1(Primary route for WP),0,Primary route for WP,llm,short,0,0,The trip took 7 hours.,7,1,6,0,6601.924,0,306.00,1543.00,1237.00,30.93,E5,Phi-4-Mini,Q6_K,0.0,1.0,1,42,20,v1.0,v2.0
hybrid_v2_20260221_235921,2026-02-22T00:11:52.670193,LOG_000001,ruletaker,LOG,industry_tier1_40_v2,hybrid_v2,1,PT3_phi_chat,P3_numeric_context,llm,A1(Primary route for LOG),0,Primary route for LOG,llm,short,0,0,No.,No,1,Yes,0,2564.153,0,306.00,1543.00,1237.00,30.93,E2,Phi-4-Mini,Q6_K,0.0,1.0,1,42,20,v1.0,v2.0
hybrid_v2_20260221_235921,2026-02-22T00:11:55.238078,LOG_000001,ruletaker,LOG,industry_tier1_40_v2,hybrid_v2,2,PT3_phi_chat,P3_numeric_context,llm,A1(Primary route for LOG),0,Primary route for LOG,llm,short,0,0,No.,No,1,Yes,0,2467.330,0,306.00,1543.00,1237.00,30.93,E2,Phi-4-Mini,Q6_K,0.0,1.0,1,42,20,v1.0,v2.0
hybrid_v2_20260221_235921,2026-02-22T00:11:57.893981,LOG_000001,ruletaker,LOG,industry_tier1_40_v2,hybrid_v2,3,PT3_phi_chat,P3_numeric_context,llm,A1(Primary route for LOG),0,Primary route for LOG,llm,short,0,0,No.,No,1,Yes,0,2555.359,0,306.00,1543.00,1237.00,30.93,E2,Phi-4-Mini,Q6_K,0.0,1.0,1,42,20,v1.0,v2.0
hybrid_v2_20260221_235921,2026-02-22T00:12:00.393646,LOG_000002,ruletaker,LOG,industry_tier1_40_v2,hybrid_v2,1,PT3_phi_chat,P3_numeric_context,llm,A1(Primary route for LOG),0,Primary route for LOG,llm,short,0,0,Yes.,Yes,1,Yes,1,2499.175,0,306.00,1543.00,1237.00,30.93,E0,Phi-4-Mini,Q6_K,0.0,1.0,1,42,20,v1.0,v2.0
hybrid_v2_20260221_235921,2026-02-22T00:12:03.036655,LOG_000002,ruletaker,LOG,industry_tier1_40_v2,hybrid_v2,2,PT3_phi_chat,P3_numeric_context,llm,A1(Primary route for LOG),0,Primary route for LOG,llm,short,0,0,Yes.,Yes,1,Yes,1,2542.454,0,306.00,1543.00,1237.00,30.93,E0,Phi-4-Mini,Q6_K,0.0,1.0,1,42,20,v1.0,v2.0
hybrid_v2_20260221_235921,2026-02-22T00:12:05.603571,LOG_000002,ruletaker,LOG,industry_tier1_40_v2,hybrid_v2,3,PT3_phi_chat,P3_numeric_context,llm,A1(Primary route for LOG),0,Primary route for LOG,llm,short,0,0,Yes.,Yes,1,Yes,1,2466.358,0,306.00,1543.00,1237.00,30.93,E0,Phi-4-Mini,Q6_K,0.0,1.0,1,42,20,v1.0,v2.0
hybrid_v2_20260221_235921,2026-02-22T00:12:08.149005,LOG_000003,ruletaker,LOG,industry_tier1_40_v2,hybrid_v2,1,PT3_phi_chat,P3_numeric_context,llm,A1(Primary route for LOG),0,Primary route for LOG,llm,short,0,0,Yes.,Yes,1,Yes,1,2544.798,0,306.00,1543.00,1237.00,30.93,E0,Phi-4-Mini,Q6_K,0.0,1.0,1,42,20,v1.0,v2.0
hybrid_v2_20260221_235921,2026-02-22T00:12:10.696717,LOG_000003,ruletaker,LOG,industry_tier1_40_v2,hybrid_v2,2,PT3_phi_chat,P3_numeric_context,llm,A1(Primary route for LOG),0,Primary route for LOG,llm,short,0,0,Yes.,Yes,1,Yes,1,2447.165,0,306.00,1543.00,1237.00,30.93,E0,Phi-4-Mini,Q6_K,0.0,1.0,1,42,20,v1.0,v2.0
hybrid_v2_20260221_235921,2026-02-22T00:12:13.328026,LOG_000003,ruletaker,LOG,industry_tier1_40_v2,hybrid_v2,3,PT3_phi_chat,P3_numeric_context,llm,A1(Primary route for LOG),0,Primary route for LOG,llm,short,0,0,Yes.,Yes,1,Yes,1,2530.743,0,306.00,1543.00,1237.00,30.93,E0,Phi-4-Mini,Q6_K,0.0,1.0,1,42,20,v1.0,v2.0
hybrid_v2_20260221_235921,2026-02-22T00:12:15.812625,LOG_000004,ruletaker,LOG,industry_tier1_40_v2,hybrid_v2,1,PT3_phi_chat,P3_numeric_context,llm,A1(Primary route for LOG),0,Primary route for LOG,llm,short,0,0,No.,No,1,Yes,0,2484.107,0,306.00,1543.00,1237.00,30.93,E2,Phi-4-Mini,Q6_K,0.0,1.0,1,42,20,v1.0,v2.0
hybrid_v2_20260221_235921,2026-02-22T00:12:18.437869,LOG_000004,ruletaker,LOG,industry_tier1_40_v2,hybrid_v2,2,PT3_phi_chat,P3_numeric_context,llm,A1(Primary route for LOG),0,Primary route for LOG,llm,short,0,0,No.,No,1,Yes,0,2524.667,0,306.00,1543.00,1237.00,30.93,E2,Phi-4-Mini,Q6_K,0.0,1.0,1,42,20,v1.0,v2.0
hybrid_v2_20260221_235921,2026-02-22T00:12:21.002650,LOG_000004,ruletaker,LOG,industry_tier1_40_v2,hybrid_v2,3,PT3_phi_chat,P3_numeric_context,llm,A1(Primary route for LOG),0,Primary route for LOG,llm,short,0,0,No.,No,1,Yes,0,2464.206,0,306.00,1543.00,1237.00,30.93,E2,Phi-4-Mini,Q6_K,0.0,1.0,1,42,20,v1.0,v2.0
hybrid_v2_20260221_235921,2026-02-22T00:12:23.558905,LOG_000005,ruletaker,LOG,industry_tier1_40_v2,hybrid_v2,1,PT3_phi_chat,P3_numeric_context,llm,A1(Primary route for LOG),0,Primary route for LOG,llm,short,0,0,No.,No,1,No,1,2555.614,0,306.00,1543.00,1237.00,30.93,E0,Phi-4-Mini,Q6_K,0.0,1.0,1,42,20,v1.0,v2.0
hybrid_v2_20260221_235921,2026-02-22T00:12:26.114203,LOG_000005,ruletaker,LOG,industry_tier1_40_v2,hybrid_v2,2,PT3_phi_chat,P3_numeric_context,llm,A1(Primary route for LOG),0,Primary route for LOG,llm,short,0,0,No.,No,1,No,1,2454.365,0,306.00,1543.00,1237.00,30.93,E0,Phi-4-Mini,Q6_K,0.0,1.0,1,42,20,v1.0,v2.0
hybrid_v2_20260221_235921,2026-02-22T00:12:28.686689,LOG_000005,ruletaker,LOG,industry_tier1_40_v2,hybrid_v2,3,PT3_phi_chat,P3_numeric_context,llm,A1(Primary route for LOG),0,Primary route for LOG,llm,short,0,0,No.,No,1,No,1,2469.139,0,306.00,1543.00,1237.00,30.93,E0,Phi-4-Mini,Q6_K,0.0,1.0,1,42,20,v1.0,v2.0
hybrid_v2_20260221_235921,2026-02-22T00:12:31.192231,LOG_000006,ruletaker,LOG,industry_tier1_40_v2,hybrid_v2,1,PT3_phi_chat,P3_numeric_context,llm,A1(Primary route for LOG),0,Primary route for LOG,llm,short,0,0,Yes.,Yes,1,Yes,1,2504.980,0,306.00,1543.00,1237.00,30.93,E0,Phi-4-Mini,Q6_K,0.0,1.0,1,42,20,v1.0,v2.0
hybrid_v2_20260221_235921,2026-02-22T00:12:33.774879,LOG_000006,ruletaker,LOG,industry_tier1_40_v2,hybrid_v2,2,PT3_phi_chat,P3_numeric_context,llm,A1(Primary route for LOG),0,Primary route for LOG,llm,short,0,0,Yes.,Yes,1,Yes,1,2482.056,0,306.00,1543.00,1237.00,30.93,E0,Phi-4-Mini,Q6_K,0.0,1.0,1,42,20,v1.0,v2.0
hybrid_v2_20260221_235921,2026-02-22T00:12:36.385501,LOG_000006,ruletaker,LOG,industry_tier1_40_v2,hybrid_v2,3,PT3_phi_chat,P3_numeric_context,llm,A1(Primary route for LOG),0,Primary route for LOG,llm,short,0,0,Yes.,Yes,1,Yes,1,2510.015,0,306.00,1543.00,1237.00,30.93,E0,Phi-4-Mini,Q6_K,0.0,1.0,1,42,20,v1.0,v2.0
hybrid_v2_20260221_235921,2026-02-22T00:12:38.926984,LOG_000007,ruletaker,LOG,industry_tier1_40_v2,hybrid_v2,1,PT3_phi_chat,P3_numeric_context,llm,A1(Primary route for LOG),0,Primary route for LOG,llm,short,0,0,No.,No,1,No,1,2540.990,0,306.00,1543.00,1237.00,30.93,E0,Phi-4-Mini,Q6_K,0.0,1.0,1,42,20,v1.0,v2.0
hybrid_v2_20260221_235921,2026-02-22T00:12:41.560836,LOG_000007,ruletaker,LOG,industry_tier1_40_v2,hybrid_v2,2,PT3_phi_chat,P3_numeric_context,llm,A1(Primary route for LOG),0,Primary route for LOG,llm,short,0,0,No.,No,1,No,1,2533.299,0,306.00,1543.00,1237.00,30.93,E0,Phi-4-Mini,Q6_K,0.0,1.0,1,42,20,v1.0,v2.0
hybrid_v2_20260221_235921,2026-02-22T00:12:44.149887,LOG_000007,ruletaker,LOG,industry_tier1_40_v2,hybrid_v2,3,PT3_phi_chat,P3_numeric_context,llm,A1(Primary route for LOG),0,Primary route for LOG,llm,short,0,0,No.,No,1,No,1,2488.497,0,306.00,1543.00,1237.00,30.93,E0,Phi-4-Mini,Q6_K,0.0,1.0,1,42,20,v1.0,v2.0
hybrid_v2_20260221_235921,2026-02-22T00:12:46.702788,LOG_000008,ruletaker,LOG,industry_tier1_40_v2,hybrid_v2,1,PT3_phi_chat,P3_numeric_context,llm,A1(Primary route for LOG),0,Primary route for LOG,llm,short,0,0,Yes.,Yes,1,No,0,2552.420,0,306.00,1543.00,1237.00,30.93,E2,Phi-4-Mini,Q6_K,0.0,1.0,1,42,20,v1.0,v2.0
hybrid_v2_20260221_235921,2026-02-22T00:12:49.273195,LOG_000008,ruletaker,LOG,industry_tier1_40_v2,hybrid_v2,2,PT3_phi_chat,P3_numeric_context,llm,A1(Primary route for LOG),0,Primary route for LOG,llm,short,0,0,Yes.,Yes,1,No,0,2469.850,0,306.00,1543.00,1237.00,30.93,E2,Phi-4-Mini,Q6_K,0.0,1.0,1,42,20,v1.0,v2.0
hybrid_v2_20260221_235921,2026-02-22T00:12:51.896362,LOG_000008,ruletaker,LOG,industry_tier1_40_v2,hybrid_v2,3,PT3_phi_chat,P3_numeric_context,llm,A1(Primary route for LOG),0,Primary route for LOG,llm,short,0,0,Yes.,Yes,1,No,0,2522.577,0,306.00,1543.00,1237.00,30.93,E2,Phi-4-Mini,Q6_K,0.0,1.0,1,42,20,v1.0,v2.0
hybrid_v2_20260221_235921,2026-02-22T00:12:54.412939,LOG_000009,ruletaker,LOG,industry_tier1_40_v2,hybrid_v2,1,PT3_phi_chat,P3_numeric_context,llm,A1(Primary route for LOG),0,Primary route for LOG,llm,short,0,0,No.,No,1,Yes,0,2516.073,0,306.00,1543.00,1237.00,30.93,E2,Phi-4-Mini,Q6_K,0.0,1.0,1,42,20,v1.0,v2.0
hybrid_v2_20260221_235921,2026-02-22T00:12:57.037185,LOG_000009,ruletaker,LOG,industry_tier1_40_v2,hybrid_v2,2,PT3_phi_chat,P3_numeric_context,llm,A1(Primary route for LOG),0,Primary route for LOG,llm,short,0,0,No.,No,1,Yes,0,2523.693,0,306.00,1543.00,1237.00,30.93,E2,Phi-4-Mini,Q6_K,0.0,1.0,1,42,20,v1.0,v2.0
hybrid_v2_20260221_235921,2026-02-22T00:12:59.625537,LOG_000009,ruletaker,LOG,industry_tier1_40_v2,hybrid_v2,3,PT3_phi_chat,P3_numeric_context,llm,A1(Primary route for LOG),0,Primary route for LOG,llm,short,0,0,No.,No,1,Yes,0,2487.711,0,306.00,1543.00,1237.00,30.93,E2,Phi-4-Mini,Q6_K,0.0,1.0,1,42,20,v1.0,v2.0
hybrid_v2_20260221_235921,2026-02-22T00:13:02.176607,LOG_000010,ruletaker,LOG,industry_tier1_40_v2,hybrid_v2,1,PT3_phi_chat,P3_numeric_context,llm,A1(Primary route for LOG),0,Primary route for LOG,llm,short,0,0,No.,No,1,No,1,2550.437,0,306.00,1543.00,1237.00,30.93,E0,Phi-4-Mini,Q6_K,0.0,1.0,1,42,20,v1.0,v2.0
hybrid_v2_20260221_235921,2026-02-22T00:13:04.733328,LOG_000010,ruletaker,LOG,industry_tier1_40_v2,hybrid_v2,2,PT3_phi_chat,P3_numeric_context,llm,A1(Primary route for LOG),0,Primary route for LOG,llm,short,0,0,No.,No,1,No,1,2456.114,0,306.00,1543.00,1237.00,30.93,E0,Phi-4-Mini,Q6_K,0.0,1.0,1,42,20,v1.0,v2.0
hybrid_v2_20260221_235921,2026-02-22T00:13:07.356183,LOG_000010,ruletaker,LOG,industry_tier1_40_v2,hybrid_v2,3,PT3_phi_chat,P3_numeric_context,llm,A1(Primary route for LOG),0,Primary route for LOG,llm,short,0,0,No.,No,1,No,1,2522.300,0,306.00,1543.00,1237.00,30.93,E0,Phi-4-Mini,Q6_K,0.0,1.0,1,42,20,v1.0,v2.0
