run_id,timestamp,prompt_id,dataset,category,split,system,repeat_idx,prompt_template_version,parser_version,route_chosen,route_attempt_sequence,escalations_count,decision_reason,final_answer_source,reasoning_mode,symbolic_parse_success,sympy_solve_success,repair_attempted,repair_success,repair_trigger_reason,previous_raw_len,previous_action_id,answer_raw,answer_parsed,parse_success,ground_truth,correct,total_latency_ms,timeout_flag,timeout_policy_version,action_timeout_sec_used,timeout_reason,energy_start_mwh,energy_end_mwh,energy_delta_mwh,energy_per_prompt_mwh,error_code,model_name,quantization,temperature,top_p,top_k,seed,timeout_sec,config_version,router_version
hybrid_v3_20260222_140824,2026-02-22T14:08:24.190322,AR_000001,deepmind_math,AR,industry_tier1_40_v2,hybrid_v3,1,PT3_phi_chat,P3_numeric_context,symbolic,A5(Primary route for AR),0,Primary route for AR,symbolic,symbolic,1,0,0,0,,0,,[A5 symbolic: 4 - (5 - (3 + 2)) = 4],4,1,4,1,1.661,0,v3.1_cost_cap_2,,,3009.00,4172.00,1163.00,29.07,E0,Phi-4-Mini,Q6_K,0.0,1.0,1,42,20,v1.0,v3.1
hybrid_v3_20260222_140824,2026-02-22T14:08:24.291141,AR_000001,deepmind_math,AR,industry_tier1_40_v2,hybrid_v3,2,PT3_phi_chat,P3_numeric_context,symbolic,A5(Primary route for AR),0,Primary route for AR,symbolic,symbolic,1,0,0,0,,0,,[A5 symbolic: 4 - (5 - (3 + 2)) = 4],4,1,4,1,0.486,0,v3.1_cost_cap_2,,,3009.00,4172.00,1163.00,29.07,E0,Phi-4-Mini,Q6_K,0.0,1.0,1,42,20,v1.0,v3.1
hybrid_v3_20260222_140824,2026-02-22T14:08:24.391881,AR_000001,deepmind_math,AR,industry_tier1_40_v2,hybrid_v3,3,PT3_phi_chat,P3_numeric_context,symbolic,A5(Primary route for AR),0,Primary route for AR,symbolic,symbolic,1,0,0,0,,0,,[A5 symbolic: 4 - (5 - (3 + 2)) = 4],4,1,4,1,0.445,0,v3.1_cost_cap_2,,,3009.00,4172.00,1163.00,29.07,E0,Phi-4-Mini,Q6_K,0.0,1.0,1,42,20,v1.0,v3.1
hybrid_v3_20260222_140824,2026-02-22T14:08:24.392499,AR_000002,deepmind_math,AR,industry_tier1_40_v2,hybrid_v3,1,PT3_phi_chat,P3_numeric_context,symbolic,A5(Primary route for AR),0,Primary route for AR,symbolic,symbolic,1,0,0,0,,0,,[A5 symbolic: -2 + -1 + (10 + -7 - -4) = 4],4,1,4,1,0.446,0,v3.1_cost_cap_2,,,3009.00,4172.00,1163.00,29.07,E0,Phi-4-Mini,Q6_K,0.0,1.0,1,42,20,v1.0,v3.1
hybrid_v3_20260222_140824,2026-02-22T14:08:24.493268,AR_000002,deepmind_math,AR,industry_tier1_40_v2,hybrid_v3,2,PT3_phi_chat,P3_numeric_context,symbolic,A5(Primary route for AR),0,Primary route for AR,symbolic,symbolic,1,0,0,0,,0,,[A5 symbolic: -2 + -1 + (10 + -7 - -4) = 4],4,1,4,1,0.574,0,v3.1_cost_cap_2,,,3009.00,4172.00,1163.00,29.07,E0,Phi-4-Mini,Q6_K,0.0,1.0,1,42,20,v1.0,v3.1
hybrid_v3_20260222_140824,2026-02-22T14:08:24.594125,AR_000002,deepmind_math,AR,industry_tier1_40_v2,hybrid_v3,3,PT3_phi_chat,P3_numeric_context,symbolic,A5(Primary route for AR),0,Primary route for AR,symbolic,symbolic,1,0,0,0,,0,,[A5 symbolic: -2 + -1 + (10 + -7 - -4) = 4],4,1,4,1,0.575,0,v3.1_cost_cap_2,,,3009.00,4172.00,1163.00,29.07,E0,Phi-4-Mini,Q6_K,0.0,1.0,1,42,20,v1.0,v3.1
hybrid_v3_20260222_140824,2026-02-22T14:08:24.594705,AR_000003,deepmind_math,AR,industry_tier1_40_v2,hybrid_v3,1,PT3_phi_chat,P3_numeric_context,symbolic,A5(Primary route for AR),0,Primary route for AR,symbolic,symbolic,1,0,0,0,,0,,[A5 symbolic: -7.5 - -2320.5 = 2313],2313,1,2313,1,0.329,0,v3.1_cost_cap_2,,,3009.00,4172.00,1163.00,29.07,E0,Phi-4-Mini,Q6_K,0.0,1.0,1,42,20,v1.0,v3.1
hybrid_v3_20260222_140824,2026-02-22T14:08:24.695448,AR_000003,deepmind_math,AR,industry_tier1_40_v2,hybrid_v3,2,PT3_phi_chat,P3_numeric_context,symbolic,A5(Primary route for AR),0,Primary route for AR,symbolic,symbolic,1,0,0,0,,0,,[A5 symbolic: -7.5 - -2320.5 = 2313],2313,1,2313,1,0.474,0,v3.1_cost_cap_2,,,3009.00,4172.00,1163.00,29.07,E0,Phi-4-Mini,Q6_K,0.0,1.0,1,42,20,v1.0,v3.1
hybrid_v3_20260222_140824,2026-02-22T14:08:24.796187,AR_000003,deepmind_math,AR,industry_tier1_40_v2,hybrid_v3,3,PT3_phi_chat,P3_numeric_context,symbolic,A5(Primary route for AR),0,Primary route for AR,symbolic,symbolic,1,0,0,0,,0,,[A5 symbolic: -7.5 - -2320.5 = 2313],2313,1,2313,1,0.445,0,v3.1_cost_cap_2,,,3009.00,4172.00,1163.00,29.07,E0,Phi-4-Mini,Q6_K,0.0,1.0,1,42,20,v1.0,v3.1
hybrid_v3_20260222_140824,2026-02-22T14:08:24.796686,AR_000004,deepmind_math,AR,industry_tier1_40_v2,hybrid_v3,1,PT3_phi_chat,P3_numeric_context,symbolic,A5(Primary route for AR),0,Primary route for AR,symbolic,symbolic,1,0,0,0,,0,,[A5 symbolic: -1*-201 = 201],201,1,201,1,0.291,0,v3.1_cost_cap_2,,,3009.00,4172.00,1163.00,29.07,E0,Phi-4-Mini,Q6_K,0.0,1.0,1,42,20,v1.0,v3.1
hybrid_v3_20260222_140824,2026-02-22T14:08:24.897355,AR_000004,deepmind_math,AR,industry_tier1_40_v2,hybrid_v3,2,PT3_phi_chat,P3_numeric_context,symbolic,A5(Primary route for AR),0,Primary route for AR,symbolic,symbolic,1,0,0,0,,0,,[A5 symbolic: -1*-201 = 201],201,1,201,1,0.420,0,v3.1_cost_cap_2,,,3009.00,4172.00,1163.00,29.07,E0,Phi-4-Mini,Q6_K,0.0,1.0,1,42,20,v1.0,v3.1
hybrid_v3_20260222_140824,2026-02-22T14:08:24.998051,AR_000004,deepmind_math,AR,industry_tier1_40_v2,hybrid_v3,3,PT3_phi_chat,P3_numeric_context,symbolic,A5(Primary route for AR),0,Primary route for AR,symbolic,symbolic,1,0,0,0,,0,,[A5 symbolic: -1*-201 = 201],201,1,201,1,0.416,0,v3.1_cost_cap_2,,,3009.00,4172.00,1163.00,29.07,E0,Phi-4-Mini,Q6_K,0.0,1.0,1,42,20,v1.0,v3.1
hybrid_v3_20260222_140824,2026-02-22T14:08:24.998836,AR_000005,deepmind_math,AR,industry_tier1_40_v2,hybrid_v3,1,PT3_phi_chat,P3_numeric_context,symbolic,A5(Primary route for AR),0,Primary route for AR,symbolic,symbolic,1,0,0,0,,0,,[A5 symbolic: ((-2)/(-3) + -1)/((-2)/6) = 1],1,1,1,1,0.582,0,v3.1_cost_cap_2,,,3009.00,4172.00,1163.00,29.07,E0,Phi-4-Mini,Q6_K,0.0,1.0,1,42,20,v1.0,v3.1
hybrid_v3_20260222_140824,2026-02-22T14:08:25.099760,AR_000005,deepmind_math,AR,industry_tier1_40_v2,hybrid_v3,2,PT3_phi_chat,P3_numeric_context,symbolic,A5(Primary route for AR),0,Primary route for AR,symbolic,symbolic,1,0,0,0,,0,,[A5 symbolic: ((-2)/(-3) + -1)/((-2)/6) = 1],1,1,1,1,0.666,0,v3.1_cost_cap_2,,,3009.00,4172.00,1163.00,29.07,E0,Phi-4-Mini,Q6_K,0.0,1.0,1,42,20,v1.0,v3.1
hybrid_v3_20260222_140824,2026-02-22T14:08:25.200702,AR_000005,deepmind_math,AR,industry_tier1_40_v2,hybrid_v3,3,PT3_phi_chat,P3_numeric_context,symbolic,A5(Primary route for AR),0,Primary route for AR,symbolic,symbolic,1,0,0,0,,0,,[A5 symbolic: ((-2)/(-3) + -1)/((-2)/6) = 1],1,1,1,1,0.655,0,v3.1_cost_cap_2,,,3009.00,4172.00,1163.00,29.07,E0,Phi-4-Mini,Q6_K,0.0,1.0,1,42,20,v1.0,v3.1
hybrid_v3_20260222_140824,2026-02-22T14:08:25.201220,AR_000006,deepmind_math,AR,industry_tier1_40_v2,hybrid_v3,1,PT3_phi_chat,P3_numeric_context,symbolic,A5(Primary route for AR),0,Primary route for AR,symbolic,symbolic,1,0,0,0,,0,,[A5 symbolic: ((-32)/6 - -2)/(104/156) = -5],-5,1,-5,1,0.316,0,v3.1_cost_cap_2,,,3009.00,4172.00,1163.00,29.07,E0,Phi-4-Mini,Q6_K,0.0,1.0,1,42,20,v1.0,v3.1
hybrid_v3_20260222_140824,2026-02-22T14:08:25.301902,AR_000006,deepmind_math,AR,industry_tier1_40_v2,hybrid_v3,2,PT3_phi_chat,P3_numeric_context,symbolic,A5(Primary route for AR),0,Primary route for AR,symbolic,symbolic,1,0,0,0,,0,,[A5 symbolic: ((-32)/6 - -2)/(104/156) = -5],-5,1,-5,1,0.437,0,v3.1_cost_cap_2,,,3009.00,4172.00,1163.00,29.07,E0,Phi-4-Mini,Q6_K,0.0,1.0,1,42,20,v1.0,v3.1
hybrid_v3_20260222_140824,2026-02-22T14:08:25.402612,AR_000006,deepmind_math,AR,industry_tier1_40_v2,hybrid_v3,3,PT3_phi_chat,P3_numeric_context,symbolic,A5(Primary route for AR),0,Primary route for AR,symbolic,symbolic,1,0,0,0,,0,,[A5 symbolic: ((-32)/6 - -2)/(104/156) = -5],-5,1,-5,1,0.432,0,v3.1_cost_cap_2,,,3009.00,4172.00,1163.00,29.07,E0,Phi-4-Mini,Q6_K,0.0,1.0,1,42,20,v1.0,v3.1
hybrid_v3_20260222_140824,2026-02-22T14:08:25.403169,AR_000007,deepmind_math,AR,industry_tier1_40_v2,hybrid_v3,1,PT3_phi_chat,P3_numeric_context,symbolic,A5(Primary route for AR),0,Primary route for AR,symbolic,symbolic,1,0,0,0,,0,,[A5 symbolic: -3 - 2 - (-4 + -3 - 2) = 4],4,1,4,1,0.333,0,v3.1_cost_cap_2,,,3009.00,4172.00,1163.00,29.07,E0,Phi-4-Mini,Q6_K,0.0,1.0,1,42,20,v1.0,v3.1
hybrid_v3_20260222_140824,2026-02-22T14:08:25.503853,AR_000007,deepmind_math,AR,industry_tier1_40_v2,hybrid_v3,2,PT3_phi_chat,P3_numeric_context,symbolic,A5(Primary route for AR),0,Primary route for AR,symbolic,symbolic,1,0,0,0,,0,,[A5 symbolic: -3 - 2 - (-4 + -3 - 2) = 4],4,1,4,1,0.443,0,v3.1_cost_cap_2,,,3009.00,4172.00,1163.00,29.07,E0,Phi-4-Mini,Q6_K,0.0,1.0,1,42,20,v1.0,v3.1
hybrid_v3_20260222_140824,2026-02-22T14:08:25.604568,AR_000007,deepmind_math,AR,industry_tier1_40_v2,hybrid_v3,3,PT3_phi_chat,P3_numeric_context,symbolic,A5(Primary route for AR),0,Primary route for AR,symbolic,symbolic,1,0,0,0,,0,,[A5 symbolic: -3 - 2 - (-4 + -3 - 2) = 4],4,1,4,1,0.439,0,v3.1_cost_cap_2,,,3009.00,4172.00,1163.00,29.07,E0,Phi-4-Mini,Q6_K,0.0,1.0,1,42,20,v1.0,v3.1
hybrid_v3_20260222_140824,2026-02-22T14:08:25.605169,AR_000008,deepmind_math,AR,industry_tier1_40_v2,hybrid_v3,1,PT3_phi_chat,P3_numeric_context,symbolic,A5(Primary route for AR),0,Primary route for AR,symbolic,symbolic,1,0,0,0,,0,,[A5 symbolic: -8 - (-3 + 0) - -3 = -2],-2,1,-2,1,0.404,0,v3.1_cost_cap_2,,,3009.00,4172.00,1163.00,29.07,E0,Phi-4-Mini,Q6_K,0.0,1.0,1,42,20,v1.0,v3.1
hybrid_v3_20260222_140824,2026-02-22T14:08:25.705931,AR_000008,deepmind_math,AR,industry_tier1_40_v2,hybrid_v3,2,PT3_phi_chat,P3_numeric_context,symbolic,A5(Primary route for AR),0,Primary route for AR,symbolic,symbolic,1,0,0,0,,0,,[A5 symbolic: -8 - (-3 + 0) - -3 = -2],-2,1,-2,1,0.507,0,v3.1_cost_cap_2,,,3009.00,4172.00,1163.00,29.07,E0,Phi-4-Mini,Q6_K,0.0,1.0,1,42,20,v1.0,v3.1
hybrid_v3_20260222_140824,2026-02-22T14:08:25.807192,AR_000008,deepmind_math,AR,industry_tier1_40_v2,hybrid_v3,3,PT3_phi_chat,P3_numeric_context,symbolic,A5(Primary route for AR),0,Primary route for AR,symbolic,symbolic,1,0,0,0,,0,,[A5 symbolic: -8 - (-3 + 0) - -3 = -2],-2,1,-2,1,0.795,0,v3.1_cost_cap_2,,,3009.00,4172.00,1163.00,29.07,E0,Phi-4-Mini,Q6_K,0.0,1.0,1,42,20,v1.0,v3.1
hybrid_v3_20260222_140824,2026-02-22T14:08:25.811669,AR_000009,deepmind_math,AR,industry_tier1_40_v2,hybrid_v3,1,PT3_phi_chat,P3_numeric_context,symbolic,A5(Primary route for AR),0,Primary route for AR,symbolic,symbolic,1,0,0,0,,0,,[A5 symbolic: 710 / 142 = 5],5,1,5,1,1.118,0,v3.1_cost_cap_2,,,3009.00,4172.00,1163.00,29.07,E0,Phi-4-Mini,Q6_K,0.0,1.0,1,42,20,v1.0,v3.1
hybrid_v3_20260222_140824,2026-02-22T14:08:25.912923,AR_000009,deepmind_math,AR,industry_tier1_40_v2,hybrid_v3,2,PT3_phi_chat,P3_numeric_context,symbolic,A5(Primary route for AR),0,Primary route for AR,symbolic,symbolic,1,0,0,0,,0,,[A5 symbolic: 710 / 142 = 5],5,1,5,1,0.769,0,v3.1_cost_cap_2,,,3009.00,4172.00,1163.00,29.07,E0,Phi-4-Mini,Q6_K,0.0,1.0,1,42,20,v1.0,v3.1
hybrid_v3_20260222_140824,2026-02-22T14:08:26.014128,AR_000009,deepmind_math,AR,industry_tier1_40_v2,hybrid_v3,3,PT3_phi_chat,P3_numeric_context,symbolic,A5(Primary route for AR),0,Primary route for AR,symbolic,symbolic,1,0,0,0,,0,,[A5 symbolic: 710 / 142 = 5],5,1,5,1,0.664,0,v3.1_cost_cap_2,,,3009.00,4172.00,1163.00,29.07,E0,Phi-4-Mini,Q6_K,0.0,1.0,1,42,20,v1.0,v3.1
hybrid_v3_20260222_140824,2026-02-22T14:08:26.015143,AR_000010,deepmind_math,AR,industry_tier1_40_v2,hybrid_v3,1,PT3_phi_chat,P3_numeric_context,symbolic,A5(Primary route for AR),0,Primary route for AR,symbolic,symbolic,1,0,0,0,,0,,[A5 symbolic: -12028 / 3007 = -4],-4,1,-4,1,0.638,0,v3.1_cost_cap_2,,,3009.00,4172.00,1163.00,29.07,E0,Phi-4-Mini,Q6_K,0.0,1.0,1,42,20,v1.0,v3.1
hybrid_v3_20260222_140824,2026-02-22T14:08:26.116352,AR_000010,deepmind_math,AR,industry_tier1_40_v2,hybrid_v3,2,PT3_phi_chat,P3_numeric_context,symbolic,A5(Primary route for AR),0,Primary route for AR,symbolic,symbolic,1,0,0,0,,0,,[A5 symbolic: -12028 / 3007 = -4],-4,1,-4,1,0.801,0,v3.1_cost_cap_2,,,3009.00,4172.00,1163.00,29.07,E0,Phi-4-Mini,Q6_K,0.0,1.0,1,42,20,v1.0,v3.1
hybrid_v3_20260222_140824,2026-02-22T14:08:26.217602,AR_000010,deepmind_math,AR,industry_tier1_40_v2,hybrid_v3,3,PT3_phi_chat,P3_numeric_context,symbolic,A5(Primary route for AR),0,Primary route for AR,symbolic,symbolic,1,0,0,0,,0,,[A5 symbolic: -12028 / 3007 = -4],-4,1,-4,1,0.712,0,v3.1_cost_cap_2,,,3009.00,4172.00,1163.00,29.07,E0,Phi-4-Mini,Q6_K,0.0,1.0,1,42,20,v1.0,v3.1
hybrid_v3_20260222_140824,2026-02-22T14:08:26.417130,ALG_000001,deepmind_math,ALG,industry_tier1_40_v2,hybrid_v3,1,PT3_phi_chat,P3_numeric_context,sympy,A4(Primary route for ALG),0,Primary route for ALG,sympy,symbolic,1,1,0,0,,0,,"[A4: ['27 = -4*d - 5*z - 9', '4*z + 12 = d'] solve d -> -4]",-4,1,-4,1,199.135,0,v3.1_cost_cap_2,,,3009.00,4172.00,1163.00,29.07,E0,Phi-4-Mini,Q6_K,0.0,1.0,1,42,20,v1.0,v3.1
hybrid_v3_20260222_140824,2026-02-22T14:08:26.528964,ALG_000001,deepmind_math,ALG,industry_tier1_40_v2,hybrid_v3,2,PT3_phi_chat,P3_numeric_context,sympy,A4(Primary route for ALG),0,Primary route for ALG,sympy,symbolic,1,1,0,0,,0,,"[A4: ['27 = -4*d - 5*z - 9', '4*z + 12 = d'] solve d -> -4]",-4,1,-4,1,11.466,0,v3.1_cost_cap_2,,,3009.00,4172.00,1163.00,29.07,E0,Phi-4-Mini,Q6_K,0.0,1.0,1,42,20,v1.0,v3.1
hybrid_v3_20260222_140824,2026-02-22T14:08:26.640474,ALG_000001,deepmind_math,ALG,industry_tier1_40_v2,hybrid_v3,3,PT3_phi_chat,P3_numeric_context,sympy,A4(Primary route for ALG),0,Primary route for ALG,sympy,symbolic,1,1,0,0,,0,,"[A4: ['27 = -4*d - 5*z - 9', '4*z + 12 = d'] solve d -> -4]",-4,1,-4,1,11.159,0,v3.1_cost_cap_2,,,3009.00,4172.00,1163.00,29.07,E0,Phi-4-Mini,Q6_K,0.0,1.0,1,42,20,v1.0,v3.1
hybrid_v3_20260222_140824,2026-02-22T14:08:26.681362,ALG_000002,deepmind_math,ALG,industry_tier1_40_v2,hybrid_v3,1,PT3_phi_chat,P3_numeric_context,sympy,A4(Primary route for ALG),0,Primary route for ALG,sympy,symbolic,1,1,0,0,,0,,"[A4: ['c + c - 5*p = -25', '5 = 2*c + p'] solve c -> 0]",0,1,0,1,40.597,0,v3.1_cost_cap_2,,,3009.00,4172.00,1163.00,29.07,E0,Phi-4-Mini,Q6_K,0.0,1.0,1,42,20,v1.0,v3.1
hybrid_v3_20260222_140824,2026-02-22T14:08:26.793793,ALG_000002,deepmind_math,ALG,industry_tier1_40_v2,hybrid_v3,2,PT3_phi_chat,P3_numeric_context,sympy,A4(Primary route for ALG),0,Primary route for ALG,sympy,symbolic,1,1,0,0,,0,,"[A4: ['c + c - 5*p = -25', '5 = 2*c + p'] solve c -> 0]",0,1,0,1,12.065,0,v3.1_cost_cap_2,,,3009.00,4172.00,1163.00,29.07,E0,Phi-4-Mini,Q6_K,0.0,1.0,1,42,20,v1.0,v3.1
hybrid_v3_20260222_140824,2026-02-22T14:08:26.905266,ALG_000002,deepmind_math,ALG,industry_tier1_40_v2,hybrid_v3,3,PT3_phi_chat,P3_numeric_context,sympy,A4(Primary route for ALG),0,Primary route for ALG,sympy,symbolic,1,1,0,0,,0,,"[A4: ['c + c - 5*p = -25', '5 = 2*c + p'] solve c -> 0]",0,1,0,1,11.101,0,v3.1_cost_cap_2,,,3009.00,4172.00,1163.00,29.07,E0,Phi-4-Mini,Q6_K,0.0,1.0,1,42,20,v1.0,v3.1
hybrid_v3_20260222_140824,2026-02-22T14:08:26.928023,ALG_000003,deepmind_math,ALG,industry_tier1_40_v2,hybrid_v3,1,PT3_phi_chat,P3_numeric_context,sympy,A4(Primary route for ALG),0,Primary route for ALG,sympy,symbolic,1,1,0,0,,0,,[A4: ['0 = -37*o + 41*o - 8'] solve o -> 2],2,1,2,1,22.479,0,v3.1_cost_cap_2,,,3009.00,4172.00,1163.00,29.07,E0,Phi-4-Mini,Q6_K,0.0,1.0,1,42,20,v1.0,v3.1
hybrid_v3_20260222_140824,2026-02-22T14:08:27.035237,ALG_000003,deepmind_math,ALG,industry_tier1_40_v2,hybrid_v3,2,PT3_phi_chat,P3_numeric_context,sympy,A4(Primary route for ALG),0,Primary route for ALG,sympy,symbolic,1,1,0,0,,0,,[A4: ['0 = -37*o + 41*o - 8'] solve o -> 2],2,1,2,1,6.876,0,v3.1_cost_cap_2,,,3009.00,4172.00,1163.00,29.07,E0,Phi-4-Mini,Q6_K,0.0,1.0,1,42,20,v1.0,v3.1
hybrid_v3_20260222_140824,2026-02-22T14:08:27.142227,ALG_000003,deepmind_math,ALG,industry_tier1_40_v2,hybrid_v3,3,PT3_phi_chat,P3_numeric_context,sympy,A4(Primary route for ALG),0,Primary route for ALG,sympy,symbolic,1,1,0,0,,0,,[A4: ['0 = -37*o + 41*o - 8'] solve o -> 2],2,1,2,1,6.642,0,v3.1_cost_cap_2,,,3009.00,4172.00,1163.00,29.07,E0,Phi-4-Mini,Q6_K,0.0,1.0,1,42,20,v1.0,v3.1
hybrid_v3_20260222_140824,2026-02-22T14:08:27.183527,ALG_000004,deepmind_math,ALG,industry_tier1_40_v2,hybrid_v3,1,PT3_phi_chat,P3_numeric_context,sympy,A4(Primary route for ALG),0,Primary route for ALG,sympy,symbolic,1,1,0,0,,0,,"[A4: ['15 = o + 2*t + 4', '-18 = -3*o - t'] solve o -> 5]",5,1,5,1,41.022,0,v3.1_cost_cap_2,,,3009.00,4172.00,1163.00,29.07,E0,Phi-4-Mini,Q6_K,0.0,1.0,1,42,20,v1.0,v3.1
hybrid_v3_20260222_140824,2026-02-22T14:08:27.294762,ALG_000004,deepmind_math,ALG,industry_tier1_40_v2,hybrid_v3,2,PT3_phi_chat,P3_numeric_context,sympy,A4(Primary route for ALG),0,Primary route for ALG,sympy,symbolic,1,1,0,0,,0,,"[A4: ['15 = o + 2*t + 4', '-18 = -3*o - t'] solve o -> 5]",5,1,5,1,10.886,0,v3.1_cost_cap_2,,,3009.00,4172.00,1163.00,29.07,E0,Phi-4-Mini,Q6_K,0.0,1.0,1,42,20,v1.0,v3.1
hybrid_v3_20260222_140824,2026-02-22T14:08:27.405962,ALG_000004,deepmind_math,ALG,industry_tier1_40_v2,hybrid_v3,3,PT3_phi_chat,P3_numeric_context,sympy,A4(Primary route for ALG),0,Primary route for ALG,sympy,symbolic,1,1,0,0,,0,,"[A4: ['15 = o + 2*t + 4', '-18 = -3*o - t'] solve o -> 5]",5,1,5,1,10.867,0,v3.1_cost_cap_2,,,3009.00,4172.00,1163.00,29.07,E0,Phi-4-Mini,Q6_K,0.0,1.0,1,42,20,v1.0,v3.1
hybrid_v3_20260222_140824,2026-02-22T14:08:27.764199,ALG_000005,deepmind_math,ALG,industry_tier1_40_v2,hybrid_v3,1,PT3_phi_chat,P3_numeric_context,sympy,A4(Primary route for ALG),0,Primary route for ALG,sympy,symbolic,1,1,0,0,,0,,[A4: ['4*t**3 - 648*t**2 + 34992*t - 629856 = 0'] solve t -> 54],54,1,54,1,357.941,0,v3.1_cost_cap_2,,,3009.00,4172.00,1163.00,29.07,E0,Phi-4-Mini,Q6_K,0.0,1.0,1,42,20,v1.0,v3.1
hybrid_v3_20260222_140824,2026-02-22T14:08:27.875981,ALG_000005,deepmind_math,ALG,industry_tier1_40_v2,hybrid_v3,2,PT3_phi_chat,P3_numeric_context,sympy,A4(Primary route for ALG),0,Primary route for ALG,sympy,symbolic,1,1,0,0,,0,,[A4: ['4*t**3 - 648*t**2 + 34992*t - 629856 = 0'] solve t -> 54],54,1,54,1,11.486,0,v3.1_cost_cap_2,,,3009.00,4172.00,1163.00,29.07,E0,Phi-4-Mini,Q6_K,0.0,1.0,1,42,20,v1.0,v3.1
hybrid_v3_20260222_140824,2026-02-22T14:08:27.987204,ALG_000005,deepmind_math,ALG,industry_tier1_40_v2,hybrid_v3,3,PT3_phi_chat,P3_numeric_context,sympy,A4(Primary route for ALG),0,Primary route for ALG,sympy,symbolic,1,1,0,0,,0,,[A4: ['4*t**3 - 648*t**2 + 34992*t - 629856 = 0'] solve t -> 54],54,1,54,1,10.872,0,v3.1_cost_cap_2,,,3009.00,4172.00,1163.00,29.07,E0,Phi-4-Mini,Q6_K,0.0,1.0,1,42,20,v1.0,v3.1
hybrid_v3_20260222_140824,2026-02-22T14:08:28.031523,ALG_000006,deepmind_math,ALG,industry_tier1_40_v2,hybrid_v3,1,PT3_phi_chat,P3_numeric_context,sympy,A4(Primary route for ALG),0,Primary route for ALG,sympy,symbolic,1,1,0,0,,0,,"[A4: ['4*b - 4 = 4*p', '0 = -2*b - 2*p - 2*p + 14'] solve b -> 3]",3,1,3,1,44.054,0,v3.1_cost_cap_2,,,3009.00,4172.00,1163.00,29.07,E0,Phi-4-Mini,Q6_K,0.0,1.0,1,42,20,v1.0,v3.1
hybrid_v3_20260222_140824,2026-02-22T14:08:28.143562,ALG_000006,deepmind_math,ALG,industry_tier1_40_v2,hybrid_v3,2,PT3_phi_chat,P3_numeric_context,sympy,A4(Primary route for ALG),0,Primary route for ALG,sympy,symbolic,1,1,0,0,,0,,"[A4: ['4*b - 4 = 4*p', '0 = -2*b - 2*p - 2*p + 14'] solve b -> 3]",3,1,3,1,11.700,0,v3.1_cost_cap_2,,,3009.00,4172.00,1163.00,29.07,E0,Phi-4-Mini,Q6_K,0.0,1.0,1,42,20,v1.0,v3.1
hybrid_v3_20260222_140824,2026-02-22T14:08:28.255831,ALG_000006,deepmind_math,ALG,industry_tier1_40_v2,hybrid_v3,3,PT3_phi_chat,P3_numeric_context,sympy,A4(Primary route for ALG),0,Primary route for ALG,sympy,symbolic,1,1,0,0,,0,,"[A4: ['4*b - 4 = 4*p', '0 = -2*b - 2*p - 2*p + 14'] solve b -> 3]",3,1,3,1,11.933,0,v3.1_cost_cap_2,,,3009.00,4172.00,1163.00,29.07,E0,Phi-4-Mini,Q6_K,0.0,1.0,1,42,20,v1.0,v3.1
hybrid_v3_20260222_140824,2026-02-22T14:08:28.284958,ALG_000007,deepmind_math,ALG,industry_tier1_40_v2,hybrid_v3,1,PT3_phi_chat,P3_numeric_context,sympy,A4(Primary route for ALG),0,Primary route for ALG,sympy,symbolic,1,1,0,0,,0,,[A4: ['5*m - 7 - 18 = 0'] solve m -> 5],5,1,5,1,28.847,0,v3.1_cost_cap_2,,,3009.00,4172.00,1163.00,29.07,E0,Phi-4-Mini,Q6_K,0.0,1.0,1,42,20,v1.0,v3.1
hybrid_v3_20260222_140824,2026-02-22T14:08:28.392389,ALG_000007,deepmind_math,ALG,industry_tier1_40_v2,hybrid_v3,2,PT3_phi_chat,P3_numeric_context,sympy,A4(Primary route for ALG),0,Primary route for ALG,sympy,symbolic,1,1,0,0,,0,,[A4: ['5*m - 7 - 18 = 0'] solve m -> 5],5,1,5,1,7.084,0,v3.1_cost_cap_2,,,3009.00,4172.00,1163.00,29.07,E0,Phi-4-Mini,Q6_K,0.0,1.0,1,42,20,v1.0,v3.1
hybrid_v3_20260222_140824,2026-02-22T14:08:28.499355,ALG_000007,deepmind_math,ALG,industry_tier1_40_v2,hybrid_v3,3,PT3_phi_chat,P3_numeric_context,sympy,A4(Primary route for ALG),0,Primary route for ALG,sympy,symbolic,1,1,0,0,,0,,[A4: ['5*m - 7 - 18 = 0'] solve m -> 5],5,1,5,1,6.616,0,v3.1_cost_cap_2,,,3009.00,4172.00,1163.00,29.07,E0,Phi-4-Mini,Q6_K,0.0,1.0,1,42,20,v1.0,v3.1
hybrid_v3_20260222_140824,2026-02-22T14:08:28.521856,ALG_000008,deepmind_math,ALG,industry_tier1_40_v2,hybrid_v3,1,PT3_phi_chat,P3_numeric_context,sympy,A4(Primary route for ALG),0,Primary route for ALG,sympy,symbolic,1,1,0,0,,0,,[A4: ['-554*z = -562*z - 24'] solve z -> -3],-3,1,-3,1,22.237,0,v3.1_cost_cap_2,,,3009.00,4172.00,1163.00,29.07,E0,Phi-4-Mini,Q6_K,0.0,1.0,1,42,20,v1.0,v3.1
hybrid_v3_20260222_140824,2026-02-22T14:08:28.629115,ALG_000008,deepmind_math,ALG,industry_tier1_40_v2,hybrid_v3,2,PT3_phi_chat,P3_numeric_context,sympy,A4(Primary route for ALG),0,Primary route for ALG,sympy,symbolic,1,1,0,0,,0,,[A4: ['-554*z = -562*z - 24'] solve z -> -3],-3,1,-3,1,6.904,0,v3.1_cost_cap_2,,,3009.00,4172.00,1163.00,29.07,E0,Phi-4-Mini,Q6_K,0.0,1.0,1,42,20,v1.0,v3.1
hybrid_v3_20260222_140824,2026-02-22T14:08:28.736419,ALG_000008,deepmind_math,ALG,industry_tier1_40_v2,hybrid_v3,3,PT3_phi_chat,P3_numeric_context,sympy,A4(Primary route for ALG),0,Primary route for ALG,sympy,symbolic,1,1,0,0,,0,,[A4: ['-554*z = -562*z - 24'] solve z -> -3],-3,1,-3,1,6.960,0,v3.1_cost_cap_2,,,3009.00,4172.00,1163.00,29.07,E0,Phi-4-Mini,Q6_K,0.0,1.0,1,42,20,v1.0,v3.1
hybrid_v3_20260222_140824,2026-02-22T14:08:28.773094,ALG_000009,deepmind_math,ALG,industry_tier1_40_v2,hybrid_v3,1,PT3_phi_chat,P3_numeric_context,sympy,A4(Primary route for ALG),0,Primary route for ALG,sympy,symbolic,1,1,0,0,,0,,"[A4: ['-2*m - 4*n = -4*m - 20', '-4*n + 20 = -m'] solve m -> 0]",0,1,0,1,36.398,0,v3.1_cost_cap_2,,,3009.00,4172.00,1163.00,29.07,E0,Phi-4-Mini,Q6_K,0.0,1.0,1,42,20,v1.0,v3.1
hybrid_v3_20260222_140824,2026-02-22T14:08:28.885597,ALG_000009,deepmind_math,ALG,industry_tier1_40_v2,hybrid_v3,2,PT3_phi_chat,P3_numeric_context,sympy,A4(Primary route for ALG),0,Primary route for ALG,sympy,symbolic,1,1,0,0,,0,,"[A4: ['-2*m - 4*n = -4*m - 20', '-4*n + 20 = -m'] solve m -> 0]",0,1,0,1,12.156,0,v3.1_cost_cap_2,,,3009.00,4172.00,1163.00,29.07,E0,Phi-4-Mini,Q6_K,0.0,1.0,1,42,20,v1.0,v3.1
hybrid_v3_20260222_140824,2026-02-22T14:08:28.997612,ALG_000009,deepmind_math,ALG,industry_tier1_40_v2,hybrid_v3,3,PT3_phi_chat,P3_numeric_context,sympy,A4(Primary route for ALG),0,Primary route for ALG,sympy,symbolic,1,1,0,0,,0,,"[A4: ['-2*m - 4*n = -4*m - 20', '-4*n + 20 = -m'] solve m -> 0]",0,1,0,1,11.669,0,v3.1_cost_cap_2,,,3009.00,4172.00,1163.00,29.07,E0,Phi-4-Mini,Q6_K,0.0,1.0,1,42,20,v1.0,v3.1
hybrid_v3_20260222_140824,2026-02-22T14:08:29.015739,ALG_000010,deepmind_math,ALG,industry_tier1_40_v2,hybrid_v3,1,PT3_phi_chat,P3_numeric_context,sympy,A4(Primary route for ALG),0,Primary route for ALG,sympy,symbolic,1,1,0,0,,0,,[A4: ['-9*f + 13*f = -28'] solve f -> -7],-7,1,-7,1,17.841,0,v3.1_cost_cap_2,,,3009.00,4172.00,1163.00,29.07,E0,Phi-4-Mini,Q6_K,0.0,1.0,1,42,20,v1.0,v3.1
hybrid_v3_20260222_140824,2026-02-22T14:08:29.122968,ALG_000010,deepmind_math,ALG,industry_tier1_40_v2,hybrid_v3,2,PT3_phi_chat,P3_numeric_context,sympy,A4(Primary route for ALG),0,Primary route for ALG,sympy,symbolic,1,1,0,0,,0,,[A4: ['-9*f + 13*f = -28'] solve f -> -7],-7,1,-7,1,6.881,0,v3.1_cost_cap_2,,,3009.00,4172.00,1163.00,29.07,E0,Phi-4-Mini,Q6_K,0.0,1.0,1,42,20,v1.0,v3.1
hybrid_v3_20260222_140824,2026-02-22T14:08:29.229616,ALG_000010,deepmind_math,ALG,industry_tier1_40_v2,hybrid_v3,3,PT3_phi_chat,P3_numeric_context,sympy,A4(Primary route for ALG),0,Primary route for ALG,sympy,symbolic,1,1,0,0,,0,,[A4: ['-9*f + 13*f = -28'] solve f -> -7],-7,1,-7,1,6.322,0,v3.1_cost_cap_2,,,3009.00,4172.00,1163.00,29.07,E0,Phi-4-Mini,Q6_K,0.0,1.0,1,42,20,v1.0,v3.1
hybrid_v3_20260222_140824,2026-02-22T14:08:59.671939,WP_000001,gsm8k,WP,industry_tier1_40_v2,hybrid_v3,1,PT3_phi_chat,P3_numeric_context,llm,A2(Primary route for WP) -> A3(Fallback from A2 due to timeout),2,Primary route for WP,llm,repair,0,0,1,0,timeout,0,A2,,,0,2,0,30440.236,1,v3.1_cost_cap_2,20,action_cap,3009.00,4172.00,1163.00,29.07,E7,Phi-4-Mini,Q6_K,0.0,1.0,1,42,20,v1.0,v3.1
hybrid_v3_20260222_140824,2026-02-22T14:09:30.167738,WP_000001,gsm8k,WP,industry_tier1_40_v2,hybrid_v3,2,PT3_phi_chat,P3_numeric_context,llm,A2(Primary route for WP) -> A3(Fallback from A2 due to timeout),2,Primary route for WP,llm,repair,0,0,1,0,timeout,0,A2,,,0,2,0,30394.779,1,v3.1_cost_cap_2,20,action_cap,3009.00,4172.00,1163.00,29.07,E7,Phi-4-Mini,Q6_K,0.0,1.0,1,42,20,v1.0,v3.1
hybrid_v3_20260222_140824,2026-02-22T14:10:00.664645,WP_000001,gsm8k,WP,industry_tier1_40_v2,hybrid_v3,3,PT3_phi_chat,P3_numeric_context,llm,A2(Primary route for WP) -> A3(Fallback from A2 due to timeout),2,Primary route for WP,llm,repair,0,0,1,0,timeout,0,A2,,,0,2,0,30396.067,1,v3.1_cost_cap_2,20,action_cap,3009.00,4172.00,1163.00,29.07,E7,Phi-4-Mini,Q6_K,0.0,1.0,1,42,20,v1.0,v3.1
hybrid_v3_20260222_140824,2026-02-22T14:10:07.341683,WP_000002,gsm8k,WP,industry_tier1_40_v2,hybrid_v3,1,PT3_phi_chat,P3_numeric_context,llm,A2(Primary route for WP),0,Primary route for WP,llm,extended,0,0,0,0,,0,,"Jean paid $45,000. ",45000,1,27000,0,6676.489,0,v3.1_cost_cap_2,20,action_cap,3009.00,4172.00,1163.00,29.07,E5,Phi-4-Mini,Q6_K,0.0,1.0,1,42,20,v1.0,v3.1
hybrid_v3_20260222_140824,2026-02-22T14:10:14.079376,WP_000002,gsm8k,WP,industry_tier1_40_v2,hybrid_v3,2,PT3_phi_chat,P3_numeric_context,llm,A2(Primary route for WP),0,Primary route for WP,llm,extended,0,0,0,0,,0,,"Jean paid $45,000. ",45000,1,27000,0,6636.892,0,v3.1_cost_cap_2,20,action_cap,3009.00,4172.00,1163.00,29.07,E5,Phi-4-Mini,Q6_K,0.0,1.0,1,42,20,v1.0,v3.1
hybrid_v3_20260222_140824,2026-02-22T14:10:20.820465,WP_000002,gsm8k,WP,industry_tier1_40_v2,hybrid_v3,3,PT3_phi_chat,P3_numeric_context,llm,A2(Primary route for WP),0,Primary route for WP,llm,extended,0,0,0,0,,0,,"Jean paid $45,000. ",45000,1,27000,0,6640.480,0,v3.1_cost_cap_2,20,action_cap,3009.00,4172.00,1163.00,29.07,E5,Phi-4-Mini,Q6_K,0.0,1.0,1,42,20,v1.0,v3.1
hybrid_v3_20260222_140824,2026-02-22T14:10:38.879826,WP_000003,gsm8k,WP,industry_tier1_40_v2,hybrid_v3,1,PT3_phi_chat,P3_numeric_context,repair,A2(Primary route for WP) -> A3(Fallback from A2 due to parse_failure),1,Primary route for WP,repair,repair,0,0,1,1,parse_failure,41,A2,21,21,1,18,0,18058.557,0,v3.1_cost_cap_2,20,action_cap,3009.00,4172.00,1163.00,29.07,E5,Phi-4-Mini,Q6_K,0.0,1.0,1,42,20,v1.0,v3.1
hybrid_v3_20260222_140824,2026-02-22T14:10:56.997925,WP_000003,gsm8k,WP,industry_tier1_40_v2,hybrid_v3,2,PT3_phi_chat,P3_numeric_context,repair,A2(Primary route for WP) -> A3(Fallback from A2 due to parse_failure),1,Primary route for WP,repair,repair,0,0,1,1,parse_failure,41,A2,21,21,1,18,0,18017.181,0,v3.1_cost_cap_2,20,action_cap,3009.00,4172.00,1163.00,29.07,E5,Phi-4-Mini,Q6_K,0.0,1.0,1,42,20,v1.0,v3.1
hybrid_v3_20260222_140824,2026-02-22T14:11:15.067266,WP_000003,gsm8k,WP,industry_tier1_40_v2,hybrid_v3,3,PT3_phi_chat,P3_numeric_context,repair,A2(Primary route for WP) -> A3(Fallback from A2 due to parse_failure),1,Primary route for WP,repair,repair,0,0,1,1,parse_failure,41,A2,21,21,1,18,0,17968.411,0,v3.1_cost_cap_2,20,action_cap,3009.00,4172.00,1163.00,29.07,E5,Phi-4-Mini,Q6_K,0.0,1.0,1,42,20,v1.0,v3.1
hybrid_v3_20260222_140824,2026-02-22T14:11:48.247748,WP_000004,gsm8k,WP,industry_tier1_40_v2,hybrid_v3,1,PT3_phi_chat,P3_numeric_context,llm,A2(Primary route for WP) -> A3(Fallback from A2 due to parse_failure),2,Primary route for WP,llm,repair,0,0,1,0,parse_failure,53,A2,The bus traveled 60 miles/hour * 5 hours = 300 miles.,,0,60,0,33179.623,0,v3.1_cost_cap_2,20,action_cap,3009.00,4172.00,1163.00,29.07,E8,Phi-4-Mini,Q6_K,0.0,1.0,1,42,20,v1.0,v3.1
hybrid_v3_20260222_140824,2026-02-22T14:12:22.079848,WP_000004,gsm8k,WP,industry_tier1_40_v2,hybrid_v3,2,PT3_phi_chat,P3_numeric_context,llm,A2(Primary route for WP) -> A3(Fallback from A2 due to parse_failure),2,Primary route for WP,llm,repair,0,0,1,0,parse_failure,53,A2,The bus traveled 60 miles/hour * 5 hours = 300 miles.,,0,60,0,33730.905,0,v3.1_cost_cap_2,20,action_cap,3009.00,4172.00,1163.00,29.07,E8,Phi-4-Mini,Q6_K,0.0,1.0,1,42,20,v1.0,v3.1
hybrid_v3_20260222_140824,2026-02-22T14:12:55.859808,WP_000004,gsm8k,WP,industry_tier1_40_v2,hybrid_v3,3,PT3_phi_chat,P3_numeric_context,llm,A2(Primary route for WP) -> A3(Fallback from A2 due to parse_failure),2,Primary route for WP,llm,repair,0,0,1,0,parse_failure,53,A2,The bus traveled 60 miles/hour * 5 hours = 300 miles.,,0,60,0,33678.764,0,v3.1_cost_cap_2,20,action_cap,3009.00,4172.00,1163.00,29.07,E8,Phi-4-Mini,Q6_K,0.0,1.0,1,42,20,v1.0,v3.1
hybrid_v3_20260222_140824,2026-02-22T14:13:29.320719,WP_000005,gsm8k,WP,industry_tier1_40_v2,hybrid_v3,1,PT3_phi_chat,P3_numeric_context,llm,A2(Primary route for WP) -> A3(Fallback from A2 due to timeout),2,Primary route for WP,llm,repair,0,0,1,0,timeout,0,A2,,,0,1800,0,33460.184,1,v3.1_cost_cap_2,20,action_cap,3009.00,4172.00,1163.00,29.07,E7,Phi-4-Mini,Q6_K,0.0,1.0,1,42,20,v1.0,v3.1
hybrid_v3_20260222_140824,2026-02-22T14:13:59.540860,WP_000005,gsm8k,WP,industry_tier1_40_v2,hybrid_v3,2,PT3_phi_chat,P3_numeric_context,llm,A2(Primary route for WP) -> A3(Fallback from A2 due to timeout),2,Primary route for WP,llm,repair,0,0,1,0,timeout,0,A2,,,0,1800,0,30119.441,1,v3.1_cost_cap_2,20,action_cap,3009.00,4172.00,1163.00,29.07,E7,Phi-4-Mini,Q6_K,0.0,1.0,1,42,20,v1.0,v3.1
hybrid_v3_20260222_140824,2026-02-22T14:14:30.057810,WP_000005,gsm8k,WP,industry_tier1_40_v2,hybrid_v3,3,PT3_phi_chat,P3_numeric_context,llm,A2(Primary route for WP) -> A3(Fallback from A2 due to timeout),2,Primary route for WP,llm,repair,0,0,1,0,timeout,0,A2,,,0,1800,0,30416.062,1,v3.1_cost_cap_2,20,action_cap,3009.00,4172.00,1163.00,29.07,E7,Phi-4-Mini,Q6_K,0.0,1.0,1,42,20,v1.0,v3.1
hybrid_v3_20260222_140824,2026-02-22T14:14:43.304927,WP_000006,gsm8k,WP,industry_tier1_40_v2,hybrid_v3,1,PT3_phi_chat,P3_numeric_context,llm,A2(Primary route for WP),0,Primary route for WP,llm,extended,0,0,0,0,,0,,The cost of the picture frames is 44 * $20 = $880.,880,1,1198,0,13246.495,0,v3.1_cost_cap_2,20,action_cap,3009.00,4172.00,1163.00,29.07,E5,Phi-4-Mini,Q6_K,0.0,1.0,1,42,20,v1.0,v3.1
hybrid_v3_20260222_140824,2026-02-22T14:14:56.560006,WP_000006,gsm8k,WP,industry_tier1_40_v2,hybrid_v3,2,PT3_phi_chat,P3_numeric_context,llm,A2(Primary route for WP),0,Primary route for WP,llm,extended,0,0,0,0,,0,,The cost of the picture frames is 44 * $20 = $880.,880,1,1198,0,13154.438,0,v3.1_cost_cap_2,20,action_cap,3009.00,4172.00,1163.00,29.07,E5,Phi-4-Mini,Q6_K,0.0,1.0,1,42,20,v1.0,v3.1
hybrid_v3_20260222_140824,2026-02-22T14:15:09.870270,WP_000006,gsm8k,WP,industry_tier1_40_v2,hybrid_v3,3,PT3_phi_chat,P3_numeric_context,llm,A2(Primary route for WP),0,Primary route for WP,llm,extended,0,0,0,0,,0,,The cost of the picture frames is 44 * $20 = $880.,880,1,1198,0,13209.623,0,v3.1_cost_cap_2,20,action_cap,3009.00,4172.00,1163.00,29.07,E5,Phi-4-Mini,Q6_K,0.0,1.0,1,42,20,v1.0,v3.1
hybrid_v3_20260222_140824,2026-02-22T14:15:36.219712,WP_000007,gsm8k,WP,industry_tier1_40_v2,hybrid_v3,1,PT3_phi_chat,P3_numeric_context,repair,A2(Primary route for WP) -> A3(Fallback from A2 due to timeout),1,Primary route for WP,repair,repair,0,0,1,1,timeout,0,A2,Jack now has $120.,120,1,120,1,26348.815,0,v3.1_cost_cap_2,20,action_cap,3009.00,4172.00,1163.00,29.07,E0,Phi-4-Mini,Q6_K,0.0,1.0,1,42,20,v1.0,v3.1
hybrid_v3_20260222_140824,2026-02-22T14:16:02.544573,WP_000007,gsm8k,WP,industry_tier1_40_v2,hybrid_v3,2,PT3_phi_chat,P3_numeric_context,repair,A2(Primary route for WP) -> A3(Fallback from A2 due to timeout),1,Primary route for WP,repair,repair,0,0,1,1,timeout,0,A2,Jack now has $120.,120,1,120,1,26224.147,0,v3.1_cost_cap_2,20,action_cap,3009.00,4172.00,1163.00,29.07,E0,Phi-4-Mini,Q6_K,0.0,1.0,1,42,20,v1.0,v3.1
hybrid_v3_20260222_140824,2026-02-22T14:16:28.863814,WP_000007,gsm8k,WP,industry_tier1_40_v2,hybrid_v3,3,PT3_phi_chat,P3_numeric_context,repair,A2(Primary route for WP) -> A3(Fallback from A2 due to timeout),1,Primary route for WP,repair,repair,0,0,1,1,timeout,0,A2,Jack now has $120.,120,1,120,1,26218.464,0,v3.1_cost_cap_2,20,action_cap,3009.00,4172.00,1163.00,29.07,E0,Phi-4-Mini,Q6_K,0.0,1.0,1,42,20,v1.0,v3.1
hybrid_v3_20260222_140824,2026-02-22T14:16:59.458307,WP_000008,gsm8k,WP,industry_tier1_40_v2,hybrid_v3,1,PT3_phi_chat,P3_numeric_context,llm,A2(Primary route for WP) -> A3(Fallback from A2 due to timeout),2,Primary route for WP,llm,repair,0,0,1,0,timeout,0,A2,,,0,50,0,30593.782,1,v3.1_cost_cap_2,20,action_cap,3009.00,4172.00,1163.00,29.07,E7,Phi-4-Mini,Q6_K,0.0,1.0,1,42,20,v1.0,v3.1
hybrid_v3_20260222_140824,2026-02-22T14:17:30.093968,WP_000008,gsm8k,WP,industry_tier1_40_v2,hybrid_v3,2,PT3_phi_chat,P3_numeric_context,llm,A2(Primary route for WP) -> A3(Fallback from A2 due to timeout),2,Primary route for WP,llm,repair,0,0,1,0,timeout,0,A2,,,0,50,0,30534.970,1,v3.1_cost_cap_2,20,action_cap,3009.00,4172.00,1163.00,29.07,E7,Phi-4-Mini,Q6_K,0.0,1.0,1,42,20,v1.0,v3.1
hybrid_v3_20260222_140824,2026-02-22T14:18:00.718384,WP_000008,gsm8k,WP,industry_tier1_40_v2,hybrid_v3,3,PT3_phi_chat,P3_numeric_context,llm,A2(Primary route for WP) -> A3(Fallback from A2 due to timeout),2,Primary route for WP,llm,repair,0,0,1,0,timeout,0,A2,,,0,50,0,30523.796,1,v3.1_cost_cap_2,20,action_cap,3009.00,4172.00,1163.00,29.07,E7,Phi-4-Mini,Q6_K,0.0,1.0,1,42,20,v1.0,v3.1
hybrid_v3_20260222_140824,2026-02-22T14:18:30.012683,WP_000009,gsm8k,WP,industry_tier1_40_v2,hybrid_v3,1,PT3_phi_chat,P3_numeric_context,llm,A2(Primary route for WP) -> A3(Fallback from A2 due to parse_failure),2,Primary route for WP,llm,repair,0,0,1,0,parse_failure,61,A2,Let's assume Rory retrieved x tennis balls in the second set.,,0,10,0,29293.531,0,v3.1_cost_cap_2,20,action_cap,3009.00,4172.00,1163.00,29.07,E8,Phi-4-Mini,Q6_K,0.0,1.0,1,42,20,v1.0,v3.1
hybrid_v3_20260222_140824,2026-02-22T14:18:59.365437,WP_000009,gsm8k,WP,industry_tier1_40_v2,hybrid_v3,2,PT3_phi_chat,P3_numeric_context,llm,A2(Primary route for WP) -> A3(Fallback from A2 due to parse_failure),2,Primary route for WP,llm,repair,0,0,1,0,parse_failure,61,A2,Let's assume Rory retrieved x tennis balls in the second set.,,0,10,0,29251.931,0,v3.1_cost_cap_2,20,action_cap,3009.00,4172.00,1163.00,29.07,E8,Phi-4-Mini,Q6_K,0.0,1.0,1,42,20,v1.0,v3.1
hybrid_v3_20260222_140824,2026-02-22T14:19:28.890090,WP_000009,gsm8k,WP,industry_tier1_40_v2,hybrid_v3,3,PT3_phi_chat,P3_numeric_context,llm,A2(Primary route for WP) -> A3(Fallback from A2 due to parse_failure),2,Primary route for WP,llm,repair,0,0,1,0,parse_failure,61,A2,Let's assume Rory retrieved x tennis balls in the second set.,,0,10,0,29423.618,0,v3.1_cost_cap_2,20,action_cap,3009.00,4172.00,1163.00,29.07,E8,Phi-4-Mini,Q6_K,0.0,1.0,1,42,20,v1.0,v3.1
hybrid_v3_20260222_140824,2026-02-22T14:19:35.816969,WP_000010,gsm8k,WP,industry_tier1_40_v2,hybrid_v3,1,PT3_phi_chat,P3_numeric_context,llm,A2(Primary route for WP),0,Primary route for WP,llm,extended,0,0,0,0,,0,,The trip took 7 hours.,7,1,6,0,6926.320,0,v3.1_cost_cap_2,20,action_cap,3009.00,4172.00,1163.00,29.07,E5,Phi-4-Mini,Q6_K,0.0,1.0,1,42,20,v1.0,v3.1
hybrid_v3_20260222_140824,2026-02-22T14:19:42.788029,WP_000010,gsm8k,WP,industry_tier1_40_v2,hybrid_v3,2,PT3_phi_chat,P3_numeric_context,llm,A2(Primary route for WP),0,Primary route for WP,llm,extended,0,0,0,0,,0,,The trip took 7 hours.,7,1,6,0,6870.263,0,v3.1_cost_cap_2,20,action_cap,3009.00,4172.00,1163.00,29.07,E5,Phi-4-Mini,Q6_K,0.0,1.0,1,42,20,v1.0,v3.1
hybrid_v3_20260222_140824,2026-02-22T14:19:49.739880,WP_000010,gsm8k,WP,industry_tier1_40_v2,hybrid_v3,3,PT3_phi_chat,P3_numeric_context,llm,A2(Primary route for WP),0,Primary route for WP,llm,extended,0,0,0,0,,0,,The trip took 7 hours.,7,1,6,0,6851.232,0,v3.1_cost_cap_2,20,action_cap,3009.00,4172.00,1163.00,29.07,E5,Phi-4-Mini,Q6_K,0.0,1.0,1,42,20,v1.0,v3.1
hybrid_v3_20260222_140824,2026-02-22T14:19:52.396762,LOG_000001,ruletaker,LOG,industry_tier1_40_v2,hybrid_v3,1,PT3_phi_chat,P3_numeric_context,llm,A1(Primary route for LOG),0,Primary route for LOG,llm,short,0,0,0,0,,0,,No.,No,1,Yes,0,2656.176,0,v3.1_cost_cap_2,45,global,3009.00,4172.00,1163.00,29.07,E2,Phi-4-Mini,Q6_K,0.0,1.0,1,42,20,v1.0,v3.1
hybrid_v3_20260222_140824,2026-02-22T14:19:55.075629,LOG_000001,ruletaker,LOG,industry_tier1_40_v2,hybrid_v3,2,PT3_phi_chat,P3_numeric_context,llm,A1(Primary route for LOG),0,Primary route for LOG,llm,short,0,0,0,0,,0,,No.,No,1,Yes,0,2578.279,0,v3.1_cost_cap_2,45,global,3009.00,4172.00,1163.00,29.07,E2,Phi-4-Mini,Q6_K,0.0,1.0,1,42,20,v1.0,v3.1
hybrid_v3_20260222_140824,2026-02-22T14:19:57.823506,LOG_000001,ruletaker,LOG,industry_tier1_40_v2,hybrid_v3,3,PT3_phi_chat,P3_numeric_context,llm,A1(Primary route for LOG),0,Primary route for LOG,llm,short,0,0,0,0,,0,,No.,No,1,Yes,0,2647.300,0,v3.1_cost_cap_2,45,global,3009.00,4172.00,1163.00,29.07,E2,Phi-4-Mini,Q6_K,0.0,1.0,1,42,20,v1.0,v3.1
hybrid_v3_20260222_140824,2026-02-22T14:20:00.430276,LOG_000002,ruletaker,LOG,industry_tier1_40_v2,hybrid_v3,1,PT3_phi_chat,P3_numeric_context,llm,A1(Primary route for LOG),0,Primary route for LOG,llm,short,0,0,0,0,,0,,Yes.,Yes,1,Yes,1,2606.263,0,v3.1_cost_cap_2,45,global,3009.00,4172.00,1163.00,29.07,E0,Phi-4-Mini,Q6_K,0.0,1.0,1,42,20,v1.0,v3.1
hybrid_v3_20260222_140824,2026-02-22T14:20:03.147890,LOG_000002,ruletaker,LOG,industry_tier1_40_v2,hybrid_v3,2,PT3_phi_chat,P3_numeric_context,llm,A1(Primary route for LOG),0,Primary route for LOG,llm,short,0,0,0,0,,0,,Yes.,Yes,1,Yes,1,2617.033,0,v3.1_cost_cap_2,45,global,3009.00,4172.00,1163.00,29.07,E0,Phi-4-Mini,Q6_K,0.0,1.0,1,42,20,v1.0,v3.1
hybrid_v3_20260222_140824,2026-02-22T14:20:05.847660,LOG_000002,ruletaker,LOG,industry_tier1_40_v2,hybrid_v3,3,PT3_phi_chat,P3_numeric_context,llm,A1(Primary route for LOG),0,Primary route for LOG,llm,short,0,0,0,0,,0,,Yes.,Yes,1,Yes,1,2598.984,0,v3.1_cost_cap_2,45,global,3009.00,4172.00,1163.00,29.07,E0,Phi-4-Mini,Q6_K,0.0,1.0,1,42,20,v1.0,v3.1
hybrid_v3_20260222_140824,2026-02-22T14:20:08.454628,LOG_000003,ruletaker,LOG,industry_tier1_40_v2,hybrid_v3,1,PT3_phi_chat,P3_numeric_context,llm,A1(Primary route for LOG),0,Primary route for LOG,llm,short,0,0,0,0,,0,,Yes.,Yes,1,Yes,1,2605.718,0,v3.1_cost_cap_2,45,global,3009.00,4172.00,1163.00,29.07,E0,Phi-4-Mini,Q6_K,0.0,1.0,1,42,20,v1.0,v3.1
hybrid_v3_20260222_140824,2026-02-22T14:20:11.163880,LOG_000003,ruletaker,LOG,industry_tier1_40_v2,hybrid_v3,2,PT3_phi_chat,P3_numeric_context,llm,A1(Primary route for LOG),0,Primary route for LOG,llm,short,0,0,0,0,,0,,Yes.,Yes,1,Yes,1,2608.620,0,v3.1_cost_cap_2,45,global,3009.00,4172.00,1163.00,29.07,E0,Phi-4-Mini,Q6_K,0.0,1.0,1,42,20,v1.0,v3.1
hybrid_v3_20260222_140824,2026-02-22T14:20:13.846544,LOG_000003,ruletaker,LOG,industry_tier1_40_v2,hybrid_v3,3,PT3_phi_chat,P3_numeric_context,llm,A1(Primary route for LOG),0,Primary route for LOG,llm,short,0,0,0,0,,0,,Yes.,Yes,1,Yes,1,2582.091,0,v3.1_cost_cap_2,45,global,3009.00,4172.00,1163.00,29.07,E0,Phi-4-Mini,Q6_K,0.0,1.0,1,42,20,v1.0,v3.1
hybrid_v3_20260222_140824,2026-02-22T14:20:16.478929,LOG_000004,ruletaker,LOG,industry_tier1_40_v2,hybrid_v3,1,PT3_phi_chat,P3_numeric_context,llm,A1(Primary route for LOG),0,Primary route for LOG,llm,short,0,0,0,0,,0,,No.,No,1,Yes,0,2631.789,0,v3.1_cost_cap_2,45,global,3009.00,4172.00,1163.00,29.07,E2,Phi-4-Mini,Q6_K,0.0,1.0,1,42,20,v1.0,v3.1
hybrid_v3_20260222_140824,2026-02-22T14:20:19.139963,LOG_000004,ruletaker,LOG,industry_tier1_40_v2,hybrid_v3,2,PT3_phi_chat,P3_numeric_context,llm,A1(Primary route for LOG),0,Primary route for LOG,llm,short,0,0,0,0,,0,,No.,No,1,Yes,0,2560.459,0,v3.1_cost_cap_2,45,global,3009.00,4172.00,1163.00,29.07,E2,Phi-4-Mini,Q6_K,0.0,1.0,1,42,20,v1.0,v3.1
hybrid_v3_20260222_140824,2026-02-22T14:20:21.860108,LOG_000004,ruletaker,LOG,industry_tier1_40_v2,hybrid_v3,3,PT3_phi_chat,P3_numeric_context,llm,A1(Primary route for LOG),0,Primary route for LOG,llm,short,0,0,0,0,,0,,No.,No,1,Yes,0,2619.565,0,v3.1_cost_cap_2,45,global,3009.00,4172.00,1163.00,29.07,E2,Phi-4-Mini,Q6_K,0.0,1.0,1,42,20,v1.0,v3.1
hybrid_v3_20260222_140824,2026-02-22T14:20:24.448755,LOG_000005,ruletaker,LOG,industry_tier1_40_v2,hybrid_v3,1,PT3_phi_chat,P3_numeric_context,llm,A1(Primary route for LOG),0,Primary route for LOG,llm,short,0,0,0,0,,0,,No.,No,1,No,1,2587.629,0,v3.1_cost_cap_2,45,global,3009.00,4172.00,1163.00,29.07,E0,Phi-4-Mini,Q6_K,0.0,1.0,1,42,20,v1.0,v3.1
hybrid_v3_20260222_140824,2026-02-22T14:20:27.181906,LOG_000005,ruletaker,LOG,industry_tier1_40_v2,hybrid_v3,2,PT3_phi_chat,P3_numeric_context,llm,A1(Primary route for LOG),0,Primary route for LOG,llm,short,0,0,0,0,,0,,No.,No,1,No,1,2632.574,0,v3.1_cost_cap_2,45,global,3009.00,4172.00,1163.00,29.07,E0,Phi-4-Mini,Q6_K,0.0,1.0,1,42,20,v1.0,v3.1
hybrid_v3_20260222_140824,2026-02-22T14:20:29.832273,LOG_000005,ruletaker,LOG,industry_tier1_40_v2,hybrid_v3,3,PT3_phi_chat,P3_numeric_context,llm,A1(Primary route for LOG),0,Primary route for LOG,llm,short,0,0,0,0,,0,,No.,No,1,No,1,2549.791,0,v3.1_cost_cap_2,45,global,3009.00,4172.00,1163.00,29.07,E0,Phi-4-Mini,Q6_K,0.0,1.0,1,42,20,v1.0,v3.1
hybrid_v3_20260222_140824,2026-02-22T14:20:32.500850,LOG_000006,ruletaker,LOG,industry_tier1_40_v2,hybrid_v3,1,PT3_phi_chat,P3_numeric_context,llm,A1(Primary route for LOG),0,Primary route for LOG,llm,short,0,0,0,0,,0,,Yes.,Yes,1,Yes,1,2668.081,0,v3.1_cost_cap_2,45,global,3009.00,4172.00,1163.00,29.07,E0,Phi-4-Mini,Q6_K,0.0,1.0,1,42,20,v1.0,v3.1
hybrid_v3_20260222_140824,2026-02-22T14:20:35.164144,LOG_000006,ruletaker,LOG,industry_tier1_40_v2,hybrid_v3,2,PT3_phi_chat,P3_numeric_context,llm,A1(Primary route for LOG),0,Primary route for LOG,llm,short,0,0,0,0,,0,,Yes.,Yes,1,Yes,1,2562.706,0,v3.1_cost_cap_2,45,global,3009.00,4172.00,1163.00,29.07,E0,Phi-4-Mini,Q6_K,0.0,1.0,1,42,20,v1.0,v3.1
hybrid_v3_20260222_140824,2026-02-22T14:20:37.908104,LOG_000006,ruletaker,LOG,industry_tier1_40_v2,hybrid_v3,3,PT3_phi_chat,P3_numeric_context,llm,A1(Primary route for LOG),0,Primary route for LOG,llm,short,0,0,0,0,,0,,Yes.,Yes,1,Yes,1,2643.361,0,v3.1_cost_cap_2,45,global,3009.00,4172.00,1163.00,29.07,E0,Phi-4-Mini,Q6_K,0.0,1.0,1,42,20,v1.0,v3.1
hybrid_v3_20260222_140824,2026-02-22T14:20:40.533185,LOG_000007,ruletaker,LOG,industry_tier1_40_v2,hybrid_v3,1,PT3_phi_chat,P3_numeric_context,llm,A1(Primary route for LOG),0,Primary route for LOG,llm,short,0,0,0,0,,0,,No.,No,1,No,1,2624.583,0,v3.1_cost_cap_2,45,global,3009.00,4172.00,1163.00,29.07,E0,Phi-4-Mini,Q6_K,0.0,1.0,1,42,20,v1.0,v3.1
hybrid_v3_20260222_140824,2026-02-22T14:20:43.288345,LOG_000007,ruletaker,LOG,industry_tier1_40_v2,hybrid_v3,2,PT3_phi_chat,P3_numeric_context,llm,A1(Primary route for LOG),0,Primary route for LOG,llm,short,0,0,0,0,,0,,No.,No,1,No,1,2654.400,0,v3.1_cost_cap_2,45,global,3009.00,4172.00,1163.00,29.07,E0,Phi-4-Mini,Q6_K,0.0,1.0,1,42,20,v1.0,v3.1
hybrid_v3_20260222_140824,2026-02-22T14:20:46.045760,LOG_000007,ruletaker,LOG,industry_tier1_40_v2,hybrid_v3,3,PT3_phi_chat,P3_numeric_context,llm,A1(Primary route for LOG),0,Primary route for LOG,llm,short,0,0,0,0,,0,,No.,No,1,No,1,2656.787,0,v3.1_cost_cap_2,45,global,3009.00,4172.00,1163.00,29.07,E0,Phi-4-Mini,Q6_K,0.0,1.0,1,42,20,v1.0,v3.1
hybrid_v3_20260222_140824,2026-02-22T14:20:48.690863,LOG_000008,ruletaker,LOG,industry_tier1_40_v2,hybrid_v3,1,PT3_phi_chat,P3_numeric_context,llm,A1(Primary route for LOG),0,Primary route for LOG,llm,short,0,0,0,0,,0,,Yes.,Yes,1,No,0,2644.513,0,v3.1_cost_cap_2,45,global,3009.00,4172.00,1163.00,29.07,E2,Phi-4-Mini,Q6_K,0.0,1.0,1,42,20,v1.0,v3.1
hybrid_v3_20260222_140824,2026-02-22T14:20:51.415554,LOG_000008,ruletaker,LOG,industry_tier1_40_v2,hybrid_v3,2,PT3_phi_chat,P3_numeric_context,llm,A1(Primary route for LOG),0,Primary route for LOG,llm,short,0,0,0,0,,0,,Yes.,Yes,1,No,0,2624.112,0,v3.1_cost_cap_2,45,global,3009.00,4172.00,1163.00,29.07,E2,Phi-4-Mini,Q6_K,0.0,1.0,1,42,20,v1.0,v3.1
hybrid_v3_20260222_140824,2026-02-22T14:20:54.093869,LOG_000008,ruletaker,LOG,industry_tier1_40_v2,hybrid_v3,3,PT3_phi_chat,P3_numeric_context,llm,A1(Primary route for LOG),0,Primary route for LOG,llm,short,0,0,0,0,,0,,Yes.,Yes,1,No,0,2577.735,0,v3.1_cost_cap_2,45,global,3009.00,4172.00,1163.00,29.07,E2,Phi-4-Mini,Q6_K,0.0,1.0,1,42,20,v1.0,v3.1
hybrid_v3_20260222_140824,2026-02-22T14:20:56.753069,LOG_000009,ruletaker,LOG,industry_tier1_40_v2,hybrid_v3,1,PT3_phi_chat,P3_numeric_context,llm,A1(Primary route for LOG),0,Primary route for LOG,llm,short,0,0,0,0,,0,,No.,No,1,Yes,0,2658.706,0,v3.1_cost_cap_2,45,global,3009.00,4172.00,1163.00,29.07,E2,Phi-4-Mini,Q6_K,0.0,1.0,1,42,20,v1.0,v3.1
hybrid_v3_20260222_140824,2026-02-22T14:20:59.441067,LOG_000009,ruletaker,LOG,industry_tier1_40_v2,hybrid_v3,2,PT3_phi_chat,P3_numeric_context,llm,A1(Primary route for LOG),0,Primary route for LOG,llm,short,0,0,0,0,,0,,No.,No,1,Yes,0,2587.477,0,v3.1_cost_cap_2,45,global,3009.00,4172.00,1163.00,29.07,E2,Phi-4-Mini,Q6_K,0.0,1.0,1,42,20,v1.0,v3.1
hybrid_v3_20260222_140824,2026-02-22T14:21:02.192457,LOG_000009,ruletaker,LOG,industry_tier1_40_v2,hybrid_v3,3,PT3_phi_chat,P3_numeric_context,llm,A1(Primary route for LOG),0,Primary route for LOG,llm,short,0,0,0,0,,0,,No.,No,1,Yes,0,2650.589,0,v3.1_cost_cap_2,45,global,3009.00,4172.00,1163.00,29.07,E2,Phi-4-Mini,Q6_K,0.0,1.0,1,42,20,v1.0,v3.1
hybrid_v3_20260222_140824,2026-02-22T14:21:04.781659,LOG_000010,ruletaker,LOG,industry_tier1_40_v2,hybrid_v3,1,PT3_phi_chat,P3_numeric_context,llm,A1(Primary route for LOG),0,Primary route for LOG,llm,short,0,0,0,0,,0,,No.,No,1,No,1,2588.694,0,v3.1_cost_cap_2,45,global,3009.00,4172.00,1163.00,29.07,E0,Phi-4-Mini,Q6_K,0.0,1.0,1,42,20,v1.0,v3.1
hybrid_v3_20260222_140824,2026-02-22T14:21:07.525325,LOG_000010,ruletaker,LOG,industry_tier1_40_v2,hybrid_v3,2,PT3_phi_chat,P3_numeric_context,llm,A1(Primary route for LOG),0,Primary route for LOG,llm,short,0,0,0,0,,0,,No.,No,1,No,1,2643.085,0,v3.1_cost_cap_2,45,global,3009.00,4172.00,1163.00,29.07,E0,Phi-4-Mini,Q6_K,0.0,1.0,1,42,20,v1.0,v3.1
hybrid_v3_20260222_140824,2026-02-22T14:21:10.192977,LOG_000010,ruletaker,LOG,industry_tier1_40_v2,hybrid_v3,3,PT3_phi_chat,P3_numeric_context,llm,A1(Primary route for LOG),0,Primary route for LOG,llm,short,0,0,0,0,,0,,No.,No,1,No,1,2567.095,0,v3.1_cost_cap_2,45,global,3009.00,4172.00,1163.00,29.07,E0,Phi-4-Mini,Q6_K,0.0,1.0,1,42,20,v1.0,v3.1
