run_id,timestamp,prompt_id,dataset,category,split,system,repeat_idx,action_id,grammar_enabled,grammar_version,max_tokens_budget,prompt_template_version,parser_version,answer_raw,answer_parsed,parse_success,ground_truth,correct,total_latency_ms,timeout_flag,energy_start_mwh,energy_end_mwh,energy_delta_mwh,energy_per_prompt_mwh,error_code,e7_http_status,e7_exception_type,e7_tokens_predicted,e7_stop_type,e7_prompt_len_chars,e7_raw_preview,model_name,quantization,temperature,top_p,top_k,seed,timeout_sec,config_version
v1_a1_grammar_20260221_165923,2026-02-21T16:59:29.218081,AR_000001,deepmind_math,AR,industry_tier1_40_v2,v1_a1_grammar,1,A1,1,G1-relaxed,12,PT3_phi_chat,P3_numeric_context,1,1,1,4,0,6026.004,0,1264.00,2439.00,1175.00,29.38,E1,200,,2,eos,150,,Phi-4-Mini,Q6_K,0.0,1.0,1,42,45,v1.0
v1_a1_grammar_20260221_165923,2026-02-21T16:59:31.006257,AR_000001,deepmind_math,AR,industry_tier1_40_v2,v1_a1_grammar,2,A1,1,G1-relaxed,12,PT3_phi_chat,P3_numeric_context,1,1,1,4,0,1687.559,0,1264.00,2439.00,1175.00,29.38,E1,200,,2,eos,150,,Phi-4-Mini,Q6_K,0.0,1.0,1,42,45,v1.0
v1_a1_grammar_20260221_165923,2026-02-21T16:59:32.764844,AR_000001,deepmind_math,AR,industry_tier1_40_v2,v1_a1_grammar,3,A1,1,G1-relaxed,12,PT3_phi_chat,P3_numeric_context,1,1,1,4,0,1658.040,0,1264.00,2439.00,1175.00,29.38,E1,200,,2,eos,150,,Phi-4-Mini,Q6_K,0.0,1.0,1,42,45,v1.0
v1_a1_grammar_20260221_165923,2026-02-21T16:59:45.688237,AR_000002,deepmind_math,AR,industry_tier1_40_v2,v1_a1_grammar,1,A1,1,G1-relaxed,12,PT3_phi_chat,P3_numeric_context,The value is 10.,10,1,4,0,12922.251,0,1264.00,2439.00,1175.00,29.38,E1,200,,7,eos,168,,Phi-4-Mini,Q6_K,0.0,1.0,1,42,45,v1.0
v1_a1_grammar_20260221_165923,2026-02-21T16:59:51.569310,AR_000002,deepmind_math,AR,industry_tier1_40_v2,v1_a1_grammar,2,A1,1,G1-relaxed,12,PT3_phi_chat,P3_numeric_context,The value is 10.,10,1,4,0,5780.299,0,1264.00,2439.00,1175.00,29.38,E1,200,,7,eos,168,,Phi-4-Mini,Q6_K,0.0,1.0,1,42,45,v1.0
v1_a1_grammar_20260221_165923,2026-02-21T16:59:57.507909,AR_000002,deepmind_math,AR,industry_tier1_40_v2,v1_a1_grammar,3,A1,1,G1-relaxed,12,PT3_phi_chat,P3_numeric_context,The value is 10.,10,1,4,0,5838.040,0,1264.00,2439.00,1175.00,29.38,E1,200,,7,eos,168,,Phi-4-Mini,Q6_K,0.0,1.0,1,42,45,v1.0
v1_a1_grammar_20260221_165923,2026-02-21T17:00:11.309584,AR_000003,deepmind_math,AR,industry_tier1_40_v2,v1_a1_grammar,1,A1,1,G1-relaxed,12,PT3_phi_chat,P3_numeric_context,-7.5 + 2320.5 = ,2313,1,2313,1,13800.473,0,1264.00,2439.00,1175.00,29.38,E0,200,,12,limit,147,,Phi-4-Mini,Q6_K,0.0,1.0,1,42,45,v1.0
v1_a1_grammar_20260221_165923,2026-02-21T17:00:21.308034,AR_000003,deepmind_math,AR,industry_tier1_40_v2,v1_a1_grammar,2,A1,1,G1-relaxed,12,PT3_phi_chat,P3_numeric_context,-7.5 + 2320.5 = ,2313,1,2313,1,9897.742,0,1264.00,2439.00,1175.00,29.38,E0,200,,12,limit,147,,Phi-4-Mini,Q6_K,0.0,1.0,1,42,45,v1.0
v1_a1_grammar_20260221_165923,2026-02-21T17:00:31.282851,AR_000003,deepmind_math,AR,industry_tier1_40_v2,v1_a1_grammar,3,A1,1,G1-relaxed,12,PT3_phi_chat,P3_numeric_context,-7.5 + 2320.5 = ,2313,1,2313,1,9874.124,0,1264.00,2439.00,1175.00,29.38,E0,200,,12,limit,147,,Phi-4-Mini,Q6_K,0.0,1.0,1,42,45,v1.0
v1_a1_grammar_20260221_165923,2026-02-21T17:00:34.479123,AR_000004,deepmind_math,AR,industry_tier1_40_v2,v1_a1_grammar,1,A1,1,G1-relaxed,12,PT3_phi_chat,P3_numeric_context,201,201,1,201,1,3195.801,0,1264.00,2439.00,1175.00,29.38,E0,200,,2,eos,140,,Phi-4-Mini,Q6_K,0.0,1.0,1,42,45,v1.0
v1_a1_grammar_20260221_165923,2026-02-21T17:00:36.218187,AR_000004,deepmind_math,AR,industry_tier1_40_v2,v1_a1_grammar,2,A1,1,G1-relaxed,12,PT3_phi_chat,P3_numeric_context,201,201,1,201,1,1638.552,0,1264.00,2439.00,1175.00,29.38,E0,200,,2,eos,140,,Phi-4-Mini,Q6_K,0.0,1.0,1,42,45,v1.0
v1_a1_grammar_20260221_165923,2026-02-21T17:00:38.012468,AR_000004,deepmind_math,AR,industry_tier1_40_v2,v1_a1_grammar,3,A1,1,G1-relaxed,12,PT3_phi_chat,P3_numeric_context,201,201,1,201,1,1693.763,0,1264.00,2439.00,1175.00,29.38,E0,200,,2,eos,140,,Phi-4-Mini,Q6_K,0.0,1.0,1,42,45,v1.0
v1_a1_grammar_20260221_165923,2026-02-21T17:00:53.606713,AR_000005,deepmind_math,AR,industry_tier1_40_v2,v1_a1_grammar,1,A1,1,G1-relaxed,12,PT3_phi_chat,P3_numeric_context,(-2)/(-3) = 2/3,0.6666666666666666,1,1,0,15593.740,0,1264.00,2439.00,1175.00,29.38,E1,200,,12,word,158,,Phi-4-Mini,Q6_K,0.0,1.0,1,42,45,v1.0
v1_a1_grammar_20260221_165923,2026-02-21T17:01:03.598186,AR_000005,deepmind_math,AR,industry_tier1_40_v2,v1_a1_grammar,2,A1,1,G1-relaxed,12,PT3_phi_chat,P3_numeric_context,(-2)/(-3) = 2/3,0.6666666666666666,1,1,0,9890.876,0,1264.00,2439.00,1175.00,29.38,E1,200,,12,word,158,,Phi-4-Mini,Q6_K,0.0,1.0,1,42,45,v1.0
v1_a1_grammar_20260221_165923,2026-02-21T17:01:13.626608,AR_000005,deepmind_math,AR,industry_tier1_40_v2,v1_a1_grammar,3,A1,1,G1-relaxed,12,PT3_phi_chat,P3_numeric_context,(-2)/(-3) = 2/3,0.6666666666666666,1,1,0,9927.835,0,1264.00,2439.00,1175.00,29.38,E1,200,,12,word,158,,Phi-4-Mini,Q6_K,0.0,1.0,1,42,45,v1.0
v1_a1_grammar_20260221_165923,2026-02-21T17:01:21.908066,AR_000006,deepmind_math,AR,industry_tier1_40_v2,v1_a1_grammar,1,A1,1,G1-relaxed,12,PT3_phi_chat,P3_numeric_context,-0.3333333333333333,-0.3333333333333333,1,-5,0,8280.984,0,1264.00,2439.00,1175.00,29.38,E1,200,,10,eos,146,,Phi-4-Mini,Q6_K,0.0,1.0,1,42,45,v1.0
v1_a1_grammar_20260221_165923,2026-02-21T17:01:30.240229,AR_000006,deepmind_math,AR,industry_tier1_40_v2,v1_a1_grammar,2,A1,1,G1-relaxed,12,PT3_phi_chat,P3_numeric_context,-0.3333333333333333,-0.3333333333333333,1,-5,0,8231.632,0,1264.00,2439.00,1175.00,29.38,E1,200,,10,eos,146,,Phi-4-Mini,Q6_K,0.0,1.0,1,42,45,v1.0
v1_a1_grammar_20260221_165923,2026-02-21T17:01:38.613513,AR_000006,deepmind_math,AR,industry_tier1_40_v2,v1_a1_grammar,3,A1,1,G1-relaxed,12,PT3_phi_chat,P3_numeric_context,-0.3333333333333333,-0.3333333333333333,1,-5,0,8272.670,0,1264.00,2439.00,1175.00,29.38,E1,200,,10,eos,146,,Phi-4-Mini,Q6_K,0.0,1.0,1,42,45,v1.0
v1_a1_grammar_20260221_165923,2026-02-21T17:01:46.514863,AR_000007,deepmind_math,AR,industry_tier1_40_v2,v1_a1_grammar,1,A1,1,G1-relaxed,12,PT3_phi_chat,P3_numeric_context,-10,-10,1,4,0,7900.865,0,1264.00,2439.00,1175.00,29.38,E1,200,,3,eos,144,,Phi-4-Mini,Q6_K,0.0,1.0,1,42,45,v1.0
v1_a1_grammar_20260221_165923,2026-02-21T17:01:49.139705,AR_000007,deepmind_math,AR,industry_tier1_40_v2,v1_a1_grammar,2,A1,1,G1-relaxed,12,PT3_phi_chat,P3_numeric_context,-10,-10,1,4,0,2524.315,0,1264.00,2439.00,1175.00,29.38,E1,200,,3,eos,144,,Phi-4-Mini,Q6_K,0.0,1.0,1,42,45,v1.0
v1_a1_grammar_20260221_165923,2026-02-21T17:01:51.698197,AR_000007,deepmind_math,AR,industry_tier1_40_v2,v1_a1_grammar,3,A1,1,G1-relaxed,12,PT3_phi_chat,P3_numeric_context,-10,-10,1,4,0,2457.968,0,1264.00,2439.00,1175.00,29.38,E1,200,,3,eos,144,,Phi-4-Mini,Q6_K,0.0,1.0,1,42,45,v1.0
v1_a1_grammar_20260221_165923,2026-02-21T17:02:08.017422,AR_000008,deepmind_math,AR,industry_tier1_40_v2,v1_a1_grammar,1,A1,1,G1-relaxed,12,PT3_phi_chat,P3_numeric_context,The value is -8 - (-3 + 0),,0,-2,0,16318.689,0,1264.00,2439.00,1175.00,29.38,E8,200,,12,limit,162,,Phi-4-Mini,Q6_K,0.0,1.0,1,42,45,v1.0
v1_a1_grammar_20260221_165923,2026-02-21T17:02:18.074793,AR_000008,deepmind_math,AR,industry_tier1_40_v2,v1_a1_grammar,2,A1,1,G1-relaxed,12,PT3_phi_chat,P3_numeric_context,The value is -8 - (-3 + 0),,0,-2,0,9956.818,0,1264.00,2439.00,1175.00,29.38,E8,200,,12,limit,162,,Phi-4-Mini,Q6_K,0.0,1.0,1,42,45,v1.0
v1_a1_grammar_20260221_165923,2026-02-21T17:02:28.063850,AR_000008,deepmind_math,AR,industry_tier1_40_v2,v1_a1_grammar,3,A1,1,G1-relaxed,12,PT3_phi_chat,P3_numeric_context,The value is -8 - (-3 + 0),,0,-2,0,9888.482,0,1264.00,2439.00,1175.00,29.38,E8,200,,12,limit,162,,Phi-4-Mini,Q6_K,0.0,1.0,1,42,45,v1.0
v1_a1_grammar_20260221_165923,2026-02-21T17:02:32.316670,AR_000009,deepmind_math,AR,industry_tier1_40_v2,v1_a1_grammar,1,A1,1,G1-relaxed,12,PT3_phi_chat,P3_numeric_context,5,5,1,5,1,4252.359,0,1264.00,2439.00,1175.00,29.38,E0,200,,2,eos,149,,Phi-4-Mini,Q6_K,0.0,1.0,1,42,45,v1.0
v1_a1_grammar_20260221_165923,2026-02-21T17:02:34.050816,AR_000009,deepmind_math,AR,industry_tier1_40_v2,v1_a1_grammar,2,A1,1,G1-relaxed,12,PT3_phi_chat,P3_numeric_context,5,5,1,5,1,1633.630,0,1264.00,2439.00,1175.00,29.38,E0,200,,2,eos,149,,Phi-4-Mini,Q6_K,0.0,1.0,1,42,45,v1.0
v1_a1_grammar_20260221_165923,2026-02-21T17:02:35.803004,AR_000009,deepmind_math,AR,industry_tier1_40_v2,v1_a1_grammar,3,A1,1,G1-relaxed,12,PT3_phi_chat,P3_numeric_context,5,5,1,5,1,1651.641,0,1264.00,2439.00,1175.00,29.38,E0,200,,2,eos,149,,Phi-4-Mini,Q6_K,0.0,1.0,1,42,45,v1.0
v1_a1_grammar_20260221_165923,2026-02-21T17:02:44.003462,AR_000010,deepmind_math,AR,industry_tier1_40_v2,v1_a1_grammar,1,A1,1,G1-relaxed,12,PT3_phi_chat,P3_numeric_context,-4.0048,-4.0048,1,-4,0,8199.991,0,1264.00,2439.00,1175.00,29.38,E1,200,,6,eos,153,,Phi-4-Mini,Q6_K,0.0,1.0,1,42,45,v1.0
v1_a1_grammar_20260221_165923,2026-02-21T17:02:49.058082,AR_000010,deepmind_math,AR,industry_tier1_40_v2,v1_a1_grammar,2,A1,1,G1-relaxed,12,PT3_phi_chat,P3_numeric_context,-4.0048,-4.0048,1,-4,0,4954.092,0,1264.00,2439.00,1175.00,29.38,E1,200,,6,eos,153,,Phi-4-Mini,Q6_K,0.0,1.0,1,42,45,v1.0
v1_a1_grammar_20260221_165923,2026-02-21T17:02:54.150726,AR_000010,deepmind_math,AR,industry_tier1_40_v2,v1_a1_grammar,3,A1,1,G1-relaxed,12,PT3_phi_chat,P3_numeric_context,-4.0048,-4.0048,1,-4,0,4991.971,0,1264.00,2439.00,1175.00,29.38,E1,200,,6,eos,153,,Phi-4-Mini,Q6_K,0.0,1.0,1,42,45,v1.0
v1_a1_grammar_20260221_165923,2026-02-21T17:03:12.428443,ALG_000001,deepmind_math,ALG,industry_tier1_40_v2,v1_a1_grammar,1,A1,1,G1-relaxed,12,PT3_phi_chat,P3_numeric_context,The final numeric answer for d is 6.,6,1,-4,0,18277.081,0,1264.00,2439.00,1175.00,29.38,E3,200,,11,eos,168,,Phi-4-Mini,Q6_K,0.0,1.0,1,42,45,v1.0
v1_a1_grammar_20260221_165923,2026-02-21T17:03:21.666853,ALG_000001,deepmind_math,ALG,industry_tier1_40_v2,v1_a1_grammar,2,A1,1,G1-relaxed,12,PT3_phi_chat,P3_numeric_context,The final numeric answer for d is 6.,6,1,-4,0,9137.807,0,1264.00,2439.00,1175.00,29.38,E3,200,,11,eos,168,,Phi-4-Mini,Q6_K,0.0,1.0,1,42,45,v1.0
v1_a1_grammar_20260221_165923,2026-02-21T17:03:30.846898,ALG_000001,deepmind_math,ALG,industry_tier1_40_v2,v1_a1_grammar,3,A1,1,G1-relaxed,12,PT3_phi_chat,P3_numeric_context,The final numeric answer for d is 6.,6,1,-4,0,9079.492,0,1264.00,2439.00,1175.00,29.38,E3,200,,11,eos,168,,Phi-4-Mini,Q6_K,0.0,1.0,1,42,45,v1.0
v1_a1_grammar_20260221_165923,2026-02-21T17:03:35.036125,ALG_000002,deepmind_math,ALG,industry_tier1_40_v2,v1_a1_grammar,1,A1,1,G1-relaxed,12,PT3_phi_chat,P3_numeric_context,c = -5,-5,1,0,0,4188.752,0,1264.00,2439.00,1175.00,29.38,E3,200,,5,eos,165,,Phi-4-Mini,Q6_K,0.0,1.0,1,42,45,v1.0
v1_a1_grammar_20260221_165923,2026-02-21T17:03:39.303972,ALG_000002,deepmind_math,ALG,industry_tier1_40_v2,v1_a1_grammar,2,A1,1,G1-relaxed,12,PT3_phi_chat,P3_numeric_context,c = -5,-5,1,0,0,4167.305,0,1264.00,2439.00,1175.00,29.38,E3,200,,5,eos,165,,Phi-4-Mini,Q6_K,0.0,1.0,1,42,45,v1.0
v1_a1_grammar_20260221_165923,2026-02-21T17:03:43.561034,ALG_000002,deepmind_math,ALG,industry_tier1_40_v2,v1_a1_grammar,3,A1,1,G1-relaxed,12,PT3_phi_chat,P3_numeric_context,c = -5,-5,1,0,0,4156.532,0,1264.00,2439.00,1175.00,29.38,E3,200,,5,eos,165,,Phi-4-Mini,Q6_K,0.0,1.0,1,42,45,v1.0
v1_a1_grammar_20260221_165923,2026-02-21T17:03:53.456561,ALG_000003,deepmind_math,ALG,industry_tier1_40_v2,v1_a1_grammar,1,A1,1,G1-relaxed,12,PT3_phi_chat,P3_numeric_context,o = 8/94 = 4/47,0.0851063829787234,1,2,0,9895.035,0,1264.00,2439.00,1175.00,29.38,E3,200,,12,eos,155,,Phi-4-Mini,Q6_K,0.0,1.0,1,42,45,v1.0
v1_a1_grammar_20260221_165923,2026-02-21T17:04:03.469530,ALG_000003,deepmind_math,ALG,industry_tier1_40_v2,v1_a1_grammar,2,A1,1,G1-relaxed,12,PT3_phi_chat,P3_numeric_context,o = 8/94 = 4/47,0.0851063829787234,1,2,0,9912.344,0,1264.00,2439.00,1175.00,29.38,E3,200,,12,eos,155,,Phi-4-Mini,Q6_K,0.0,1.0,1,42,45,v1.0
v1_a1_grammar_20260221_165923,2026-02-21T17:04:13.466120,ALG_000003,deepmind_math,ALG,industry_tier1_40_v2,v1_a1_grammar,3,A1,1,G1-relaxed,12,PT3_phi_chat,P3_numeric_context,o = 8/94 = 4/47,0.0851063829787234,1,2,0,9896.044,0,1264.00,2439.00,1175.00,29.38,E3,200,,12,eos,155,,Phi-4-Mini,Q6_K,0.0,1.0,1,42,45,v1.0
v1_a1_grammar_20260221_165923,2026-02-21T17:04:17.629442,ALG_000004,deepmind_math,ALG,industry_tier1_40_v2,v1_a1_grammar,1,A1,1,G1-relaxed,12,PT3_phi_chat,P3_numeric_context,o = -6,-6,1,5,0,4162.805,0,1264.00,2439.00,1175.00,29.38,E3,200,,5,eos,167,,Phi-4-Mini,Q6_K,0.0,1.0,1,42,45,v1.0
v1_a1_grammar_20260221_165923,2026-02-21T17:04:21.882382,ALG_000004,deepmind_math,ALG,industry_tier1_40_v2,v1_a1_grammar,2,A1,1,G1-relaxed,12,PT3_phi_chat,P3_numeric_context,o = -6,-6,1,5,0,4152.404,0,1264.00,2439.00,1175.00,29.38,E3,200,,5,eos,167,,Phi-4-Mini,Q6_K,0.0,1.0,1,42,45,v1.0
v1_a1_grammar_20260221_165923,2026-02-21T17:04:26.133922,ALG_000004,deepmind_math,ALG,industry_tier1_40_v2,v1_a1_grammar,3,A1,1,G1-relaxed,12,PT3_phi_chat,P3_numeric_context,o = -6,-6,1,5,0,4151.009,0,1264.00,2439.00,1175.00,29.38,E3,200,,5,eos,167,,Phi-4-Mini,Q6_K,0.0,1.0,1,42,45,v1.0
v1_a1_grammar_20260221_165923,2026-02-21T17:04:30.284453,ALG_000005,deepmind_math,ALG,industry_tier1_40_v2,v1_a1_grammar,1,A1,1,G1-relaxed,12,PT3_phi_chat,P3_numeric_context,t = 36,36,1,54,0,4150.064,0,1264.00,2439.00,1175.00,29.38,E3,200,,5,eos,178,,Phi-4-Mini,Q6_K,0.0,1.0,1,42,45,v1.0
v1_a1_grammar_20260221_165923,2026-02-21T17:04:34.497101,ALG_000005,deepmind_math,ALG,industry_tier1_40_v2,v1_a1_grammar,2,A1,1,G1-relaxed,12,PT3_phi_chat,P3_numeric_context,t = 36,36,1,54,0,4111.629,0,1264.00,2439.00,1175.00,29.38,E3,200,,5,eos,178,,Phi-4-Mini,Q6_K,0.0,1.0,1,42,45,v1.0
v1_a1_grammar_20260221_165923,2026-02-21T17:04:38.701777,ALG_000005,deepmind_math,ALG,industry_tier1_40_v2,v1_a1_grammar,3,A1,1,G1-relaxed,12,PT3_phi_chat,P3_numeric_context,t = 36,36,1,54,0,4104.053,0,1264.00,2439.00,1175.00,29.38,E3,200,,5,eos,178,,Phi-4-Mini,Q6_K,0.0,1.0,1,42,45,v1.0
v1_a1_grammar_20260221_165923,2026-02-21T17:04:42.891724,ALG_000006,deepmind_math,ALG,industry_tier1_40_v2,v1_a1_grammar,1,A1,1,G1-relaxed,12,PT3_phi_chat,P3_numeric_context,b = 5,5,1,3,0,4189.474,0,1264.00,2439.00,1175.00,29.38,E3,200,,5,eos,175,,Phi-4-Mini,Q6_K,0.0,1.0,1,42,45,v1.0
v1_a1_grammar_20260221_165923,2026-02-21T17:04:47.143577,ALG_000006,deepmind_math,ALG,industry_tier1_40_v2,v1_a1_grammar,2,A1,1,G1-relaxed,12,PT3_phi_chat,P3_numeric_context,b = 5,5,1,3,0,4151.181,0,1264.00,2439.00,1175.00,29.38,E3,200,,5,eos,175,,Phi-4-Mini,Q6_K,0.0,1.0,1,42,45,v1.0
v1_a1_grammar_20260221_165923,2026-02-21T17:04:51.417355,ALG_000006,deepmind_math,ALG,industry_tier1_40_v2,v1_a1_grammar,3,A1,1,G1-relaxed,12,PT3_phi_chat,P3_numeric_context,b = 5,5,1,3,0,4173.170,0,1264.00,2439.00,1175.00,29.38,E3,200,,5,eos,175,,Phi-4-Mini,Q6_K,0.0,1.0,1,42,45,v1.0
v1_a1_grammar_20260221_165923,2026-02-21T17:04:56.387133,ALG_000007,deepmind_math,ALG,industry_tier1_40_v2,v1_a1_grammar,1,A1,1,G1-relaxed,12,PT3_phi_chat,P3_numeric_context,m = 5.,5,1,5,1,4969.321,0,1264.00,2439.00,1175.00,29.38,E0,200,,6,eos,151,,Phi-4-Mini,Q6_K,0.0,1.0,1,42,45,v1.0
v1_a1_grammar_20260221_165923,2026-02-21T17:05:01.454360,ALG_000007,deepmind_math,ALG,industry_tier1_40_v2,v1_a1_grammar,2,A1,1,G1-relaxed,12,PT3_phi_chat,P3_numeric_context,m = 5.,5,1,5,1,4966.363,0,1264.00,2439.00,1175.00,29.38,E0,200,,6,eos,151,,Phi-4-Mini,Q6_K,0.0,1.0,1,42,45,v1.0
v1_a1_grammar_20260221_165923,2026-02-21T17:05:06.529901,ALG_000007,deepmind_math,ALG,industry_tier1_40_v2,v1_a1_grammar,3,A1,1,G1-relaxed,12,PT3_phi_chat,P3_numeric_context,m = 5.,5,1,5,1,4974.748,0,1264.00,2439.00,1175.00,29.38,E0,200,,6,eos,151,,Phi-4-Mini,Q6_K,0.0,1.0,1,42,45,v1.0
v1_a1_grammar_20260221_165923,2026-02-21T17:05:14.982289,ALG_000008,deepmind_math,ALG,industry_tier1_40_v2,v1_a1_grammar,1,A1,1,G1-relaxed,12,PT3_phi_chat,P3_numeric_context,z = 8,8,1,-3,0,8451.919,0,1264.00,2439.00,1175.00,29.38,E3,200,,5,eos,155,,Phi-4-Mini,Q6_K,0.0,1.0,1,42,45,v1.0
v1_a1_grammar_20260221_165923,2026-02-21T17:05:19.223471,ALG_000008,deepmind_math,ALG,industry_tier1_40_v2,v1_a1_grammar,2,A1,1,G1-relaxed,12,PT3_phi_chat,P3_numeric_context,z = 8,8,1,-3,0,4140.641,0,1264.00,2439.00,1175.00,29.38,E3,200,,5,eos,155,,Phi-4-Mini,Q6_K,0.0,1.0,1,42,45,v1.0
v1_a1_grammar_20260221_165923,2026-02-21T17:05:23.488424,ALG_000008,deepmind_math,ALG,industry_tier1_40_v2,v1_a1_grammar,3,A1,1,G1-relaxed,12,PT3_phi_chat,P3_numeric_context,z = 8,8,1,-3,0,4163.994,0,1264.00,2439.00,1175.00,29.38,E3,200,,5,eos,155,,Phi-4-Mini,Q6_K,0.0,1.0,1,42,45,v1.0
v1_a1_grammar_20260221_165923,2026-02-21T17:05:41.794525,ALG_000009,deepmind_math,ALG,industry_tier1_40_v2,v1_a1_grammar,1,A1,1,G1-relaxed,12,PT3_phi_chat,P3_numeric_context,The final numeric answer for m is 10.,10,1,0,0,18305.613,0,1264.00,2439.00,1175.00,29.38,E3,200,,11,eos,173,,Phi-4-Mini,Q6_K,0.0,1.0,1,42,45,v1.0
v1_a1_grammar_20260221_165923,2026-02-21T17:05:50.975093,ALG_000009,deepmind_math,ALG,industry_tier1_40_v2,v1_a1_grammar,2,A1,1,G1-relaxed,12,PT3_phi_chat,P3_numeric_context,The final numeric answer for m is 10.,10,1,0,0,9080.002,0,1264.00,2439.00,1175.00,29.38,E3,200,,11,eos,173,,Phi-4-Mini,Q6_K,0.0,1.0,1,42,45,v1.0
v1_a1_grammar_20260221_165923,2026-02-21T17:06:00.158792,ALG_000009,deepmind_math,ALG,industry_tier1_40_v2,v1_a1_grammar,3,A1,1,G1-relaxed,12,PT3_phi_chat,P3_numeric_context,The final numeric answer for m is 10.,10,1,0,0,9083.168,0,1264.00,2439.00,1175.00,29.38,E3,200,,11,eos,173,,Phi-4-Mini,Q6_K,0.0,1.0,1,42,45,v1.0
v1_a1_grammar_20260221_165923,2026-02-21T17:06:08.644439,ALG_000010,deepmind_math,ALG,industry_tier1_40_v2,v1_a1_grammar,1,A1,1,G1-relaxed,12,PT3_phi_chat,P3_numeric_context,f = -4,-4,1,-7,0,8485.177,0,1264.00,2439.00,1175.00,29.38,E3,200,,5,eos,152,,Phi-4-Mini,Q6_K,0.0,1.0,1,42,45,v1.0
v1_a1_grammar_20260221_165923,2026-02-21T17:06:12.914090,ALG_000010,deepmind_math,ALG,industry_tier1_40_v2,v1_a1_grammar,2,A1,1,G1-relaxed,12,PT3_phi_chat,P3_numeric_context,f = -4,-4,1,-7,0,4169.116,0,1264.00,2439.00,1175.00,29.38,E3,200,,5,eos,152,,Phi-4-Mini,Q6_K,0.0,1.0,1,42,45,v1.0
v1_a1_grammar_20260221_165923,2026-02-21T17:06:17.185119,ALG_000010,deepmind_math,ALG,industry_tier1_40_v2,v1_a1_grammar,3,A1,1,G1-relaxed,12,PT3_phi_chat,P3_numeric_context,f = -4,-4,1,-7,0,4170.463,0,1264.00,2439.00,1175.00,29.38,E3,200,,5,eos,152,,Phi-4-Mini,Q6_K,0.0,1.0,1,42,45,v1.0
v1_a1_grammar_20260221_165923,2026-02-21T17:06:27.139293,WP_000001,gsm8k,WP,industry_tier1_40_v2,v1_a1_grammar,1,A1,1,G1-relaxed,12,PT3_phi_chat,P3_numeric_context,"Each adult gets 6 chocolate bars, so 4 adults",,0,2,0,9953.663,0,1264.00,2439.00,1175.00,29.38,E8,200,,12,limit,350,,Phi-4-Mini,Q6_K,0.0,1.0,1,42,45,v1.0
v1_a1_grammar_20260221_165923,2026-02-21T17:06:37.186468,WP_000001,gsm8k,WP,industry_tier1_40_v2,v1_a1_grammar,2,A1,1,G1-relaxed,12,PT3_phi_chat,P3_numeric_context,"Each adult gets 6 chocolate bars, so 4 adults",,0,2,0,9946.620,0,1264.00,2439.00,1175.00,29.38,E8,200,,12,limit,350,,Phi-4-Mini,Q6_K,0.0,1.0,1,42,45,v1.0
v1_a1_grammar_20260221_165923,2026-02-21T17:06:47.220707,WP_000001,gsm8k,WP,industry_tier1_40_v2,v1_a1_grammar,3,A1,1,G1-relaxed,12,PT3_phi_chat,P3_numeric_context,"Each adult gets 6 chocolate bars, so 4 adults",,0,2,0,9933.683,0,1264.00,2439.00,1175.00,29.38,E8,200,,12,limit,350,,Phi-4-Mini,Q6_K,0.0,1.0,1,42,45,v1.0
v1_a1_grammar_20260221_165923,2026-02-21T17:06:53.939457,WP_000002,gsm8k,WP,industry_tier1_40_v2,v1_a1_grammar,1,A1,1,G1-relaxed,12,PT3_phi_chat,P3_numeric_context,"Jean paid $45,000. ",45000,1,27000,0,6718.277,0,1264.00,2439.00,1175.00,29.38,E5,200,,8,word,460,,Phi-4-Mini,Q6_K,0.0,1.0,1,42,45,v1.0
v1_a1_grammar_20260221_165923,2026-02-21T17:07:00.706492,WP_000002,gsm8k,WP,industry_tier1_40_v2,v1_a1_grammar,2,A1,1,G1-relaxed,12,PT3_phi_chat,P3_numeric_context,"Jean paid $45,000. ",45000,1,27000,0,6666.475,0,1264.00,2439.00,1175.00,29.38,E5,200,,8,word,460,,Phi-4-Mini,Q6_K,0.0,1.0,1,42,45,v1.0
v1_a1_grammar_20260221_165923,2026-02-21T17:07:07.457050,WP_000002,gsm8k,WP,industry_tier1_40_v2,v1_a1_grammar,3,A1,1,G1-relaxed,12,PT3_phi_chat,P3_numeric_context,"Jean paid $45,000. ",45000,1,27000,0,6649.995,0,1264.00,2439.00,1175.00,29.38,E5,200,,8,word,460,,Phi-4-Mini,Q6_K,0.0,1.0,1,42,45,v1.0
v1_a1_grammar_20260221_165923,2026-02-21T17:07:15.780268,WP_000003,gsm8k,WP,industry_tier1_40_v2,v1_a1_grammar,1,A1,1,G1-relaxed,12,PT3_phi_chat,P3_numeric_context,Melanie started with 21 vacuum cleaners. ,,0,18,0,8322.702,0,1264.00,2439.00,1175.00,29.38,E8,200,,10,word,359,,Phi-4-Mini,Q6_K,0.0,1.0,1,42,45,v1.0
v1_a1_grammar_20260221_165923,2026-02-21T17:07:24.162561,WP_000003,gsm8k,WP,industry_tier1_40_v2,v1_a1_grammar,2,A1,1,G1-relaxed,12,PT3_phi_chat,P3_numeric_context,Melanie started with 21 vacuum cleaners. ,,0,18,0,8281.734,0,1264.00,2439.00,1175.00,29.38,E8,200,,10,word,359,,Phi-4-Mini,Q6_K,0.0,1.0,1,42,45,v1.0
v1_a1_grammar_20260221_165923,2026-02-21T17:07:32.561023,WP_000003,gsm8k,WP,industry_tier1_40_v2,v1_a1_grammar,3,A1,1,G1-relaxed,12,PT3_phi_chat,P3_numeric_context,Melanie started with 21 vacuum cleaners. ,,0,18,0,8297.903,0,1264.00,2439.00,1175.00,29.38,E8,200,,10,word,359,,Phi-4-Mini,Q6_K,0.0,1.0,1,42,45,v1.0
v1_a1_grammar_20260221_165923,2026-02-21T17:07:42.485562,WP_000004,gsm8k,WP,industry_tier1_40_v2,v1_a1_grammar,1,A1,1,G1-relaxed,12,PT3_phi_chat,P3_numeric_context,The bus traveled 60 miles/hour * 5 hours =,,0,60,0,9924.035,0,1264.00,2439.00,1175.00,29.38,E8,200,,12,limit,267,,Phi-4-Mini,Q6_K,0.0,1.0,1,42,45,v1.0
v1_a1_grammar_20260221_165923,2026-02-21T17:07:52.540707,WP_000004,gsm8k,WP,industry_tier1_40_v2,v1_a1_grammar,2,A1,1,G1-relaxed,12,PT3_phi_chat,P3_numeric_context,The bus traveled 60 miles/hour * 5 hours =,,0,60,0,9954.567,0,1264.00,2439.00,1175.00,29.38,E8,200,,12,limit,267,,Phi-4-Mini,Q6_K,0.0,1.0,1,42,45,v1.0
v1_a1_grammar_20260221_165923,2026-02-21T17:08:02.812112,WP_000004,gsm8k,WP,industry_tier1_40_v2,v1_a1_grammar,3,A1,1,G1-relaxed,12,PT3_phi_chat,P3_numeric_context,The bus traveled 60 miles/hour * 5 hours =,,0,60,0,10170.829,0,1264.00,2439.00,1175.00,29.38,E8,200,,12,limit,267,,Phi-4-Mini,Q6_K,0.0,1.0,1,42,45,v1.0
v1_a1_grammar_20260221_165923,2026-02-21T17:08:13.161643,WP_000005,gsm8k,WP,industry_tier1_40_v2,v1_a1_grammar,1,A1,1,G1-relaxed,12,PT3_phi_chat,P3_numeric_context,Ruiz makes 120 pounds of chocolates in 2 hours,,0,1800,0,10349.014,0,1264.00,2439.00,1175.00,29.38,E8,200,,12,limit,375,,Phi-4-Mini,Q6_K,0.0,1.0,1,42,45,v1.0
v1_a1_grammar_20260221_165923,2026-02-21T17:08:23.570474,WP_000005,gsm8k,WP,industry_tier1_40_v2,v1_a1_grammar,2,A1,1,G1-relaxed,12,PT3_phi_chat,P3_numeric_context,Ruiz makes 120 pounds of chocolates in 2 hours,,0,1800,0,10308.255,0,1264.00,2439.00,1175.00,29.38,E8,200,,12,limit,375,,Phi-4-Mini,Q6_K,0.0,1.0,1,42,45,v1.0
v1_a1_grammar_20260221_165923,2026-02-21T17:08:33.993819,WP_000005,gsm8k,WP,industry_tier1_40_v2,v1_a1_grammar,3,A1,1,G1-relaxed,12,PT3_phi_chat,P3_numeric_context,Ruiz makes 120 pounds of chocolates in 2 hours,,0,1800,0,10322.763,0,1264.00,2439.00,1175.00,29.38,E8,200,,12,limit,375,,Phi-4-Mini,Q6_K,0.0,1.0,1,42,45,v1.0
v1_a1_grammar_20260221_165923,2026-02-21T17:08:44.366314,WP_000006,gsm8k,WP,industry_tier1_40_v2,v1_a1_grammar,1,A1,1,G1-relaxed,12,PT3_phi_chat,P3_numeric_context,The total cost for the picture frames is 44 * $,,0,1198,0,10371.740,0,1264.00,2439.00,1175.00,29.38,E8,200,,12,limit,483,,Phi-4-Mini,Q6_K,0.0,1.0,1,42,45,v1.0
v1_a1_grammar_20260221_165923,2026-02-21T17:08:54.798776,WP_000006,gsm8k,WP,industry_tier1_40_v2,v1_a1_grammar,2,A1,1,G1-relaxed,12,PT3_phi_chat,P3_numeric_context,The total cost for the picture frames is 44 * $,,0,1198,0,10331.899,0,1264.00,2439.00,1175.00,29.38,E8,200,,12,limit,483,,Phi-4-Mini,Q6_K,0.0,1.0,1,42,45,v1.0
v1_a1_grammar_20260221_165923,2026-02-21T17:09:05.230507,WP_000006,gsm8k,WP,industry_tier1_40_v2,v1_a1_grammar,3,A1,1,G1-relaxed,12,PT3_phi_chat,P3_numeric_context,The total cost for the picture frames is 44 * $,,0,1198,0,10331.052,0,1264.00,2439.00,1175.00,29.38,E8,200,,12,limit,483,,Phi-4-Mini,Q6_K,0.0,1.0,1,42,45,v1.0
v1_a1_grammar_20260221_165923,2026-02-21T17:09:15.553072,WP_000007,gsm8k,WP,industry_tier1_40_v2,v1_a1_grammar,1,A1,1,G1-relaxed,12,PT3_phi_chat,P3_numeric_context,Jack had $100. Sophia gave him 1/5,,0,120,0,10322.064,0,1264.00,2439.00,1175.00,29.38,E8,200,,12,limit,206,,Phi-4-Mini,Q6_K,0.0,1.0,1,42,45,v1.0
v1_a1_grammar_20260221_165923,2026-02-21T17:09:25.925348,WP_000007,gsm8k,WP,industry_tier1_40_v2,v1_a1_grammar,2,A1,1,G1-relaxed,12,PT3_phi_chat,P3_numeric_context,Jack had $100. Sophia gave him 1/5,,0,120,0,10271.651,0,1264.00,2439.00,1175.00,29.38,E8,200,,12,limit,206,,Phi-4-Mini,Q6_K,0.0,1.0,1,42,45,v1.0
v1_a1_grammar_20260221_165923,2026-02-21T17:09:36.310601,WP_000007,gsm8k,WP,industry_tier1_40_v2,v1_a1_grammar,3,A1,1,G1-relaxed,12,PT3_phi_chat,P3_numeric_context,Jack had $100. Sophia gave him 1/5,,0,120,0,10284.696,0,1264.00,2439.00,1175.00,29.38,E8,200,,12,limit,206,,Phi-4-Mini,Q6_K,0.0,1.0,1,42,45,v1.0
v1_a1_grammar_20260221_165923,2026-02-21T17:09:46.682897,WP_000008,gsm8k,WP,industry_tier1_40_v2,v1_a1_grammar,1,A1,1,G1-relaxed,12,PT3_phi_chat,P3_numeric_context,"Grandma spends 40 minutes walking on the beach, which",,0,50,0,10371.778,0,1264.00,2439.00,1175.00,29.38,E8,200,,12,limit,483,,Phi-4-Mini,Q6_K,0.0,1.0,1,42,45,v1.0
v1_a1_grammar_20260221_165923,2026-02-21T17:09:57.112716,WP_000008,gsm8k,WP,industry_tier1_40_v2,v1_a1_grammar,2,A1,1,G1-relaxed,12,PT3_phi_chat,P3_numeric_context,"Grandma spends 40 minutes walking on the beach, which",,0,50,0,10329.236,0,1264.00,2439.00,1175.00,29.38,E8,200,,12,limit,483,,Phi-4-Mini,Q6_K,0.0,1.0,1,42,45,v1.0
v1_a1_grammar_20260221_165923,2026-02-21T17:10:07.542387,WP_000008,gsm8k,WP,industry_tier1_40_v2,v1_a1_grammar,3,A1,1,G1-relaxed,12,PT3_phi_chat,P3_numeric_context,"Grandma spends 40 minutes walking on the beach, which",,0,50,0,10329.062,0,1264.00,2439.00,1175.00,29.38,E8,200,,12,limit,483,,Phi-4-Mini,Q6_K,0.0,1.0,1,42,45,v1.0
v1_a1_grammar_20260221_165923,2026-02-21T17:10:17.929398,WP_000009,gsm8k,WP,industry_tier1_40_v2,v1_a1_grammar,1,A1,1,G1-relaxed,12,PT3_phi_chat,P3_numeric_context,Let's say Rory retrieved x tennis balls in the second set.,,0,10,0,10386.497,0,1264.00,2439.00,1175.00,29.38,E8,200,,12,word,451,,Phi-4-Mini,Q6_K,0.0,1.0,1,42,45,v1.0
v1_a1_grammar_20260221_165923,2026-02-21T17:10:28.357286,WP_000009,gsm8k,WP,industry_tier1_40_v2,v1_a1_grammar,2,A1,1,G1-relaxed,12,PT3_phi_chat,P3_numeric_context,Let's say Rory retrieved x tennis balls in the second set.,,0,10,0,10327.341,0,1264.00,2439.00,1175.00,29.38,E8,200,,12,word,451,,Phi-4-Mini,Q6_K,0.0,1.0,1,42,45,v1.0
v1_a1_grammar_20260221_165923,2026-02-21T17:10:38.876859,WP_000009,gsm8k,WP,industry_tier1_40_v2,v1_a1_grammar,3,A1,1,G1-relaxed,12,PT3_phi_chat,P3_numeric_context,Let's say Rory retrieved x tennis balls in the second set.,,0,10,0,10419.075,0,1264.00,2439.00,1175.00,29.38,E8,200,,12,word,451,,Phi-4-Mini,Q6_K,0.0,1.0,1,42,45,v1.0
v1_a1_grammar_20260221_165923,2026-02-21T17:10:45.823544,WP_000010,gsm8k,WP,industry_tier1_40_v2,v1_a1_grammar,1,A1,1,G1-relaxed,12,PT3_phi_chat,P3_numeric_context,The trip took 7 hours.,7,1,6,0,6946.173,0,1264.00,2439.00,1175.00,29.38,E5,200,,8,eos,368,,Phi-4-Mini,Q6_K,0.0,1.0,1,42,45,v1.0
v1_a1_grammar_20260221_165923,2026-02-21T17:10:52.869676,WP_000010,gsm8k,WP,industry_tier1_40_v2,v1_a1_grammar,2,A1,1,G1-relaxed,12,PT3_phi_chat,P3_numeric_context,The trip took 7 hours.,7,1,6,0,6945.542,0,1264.00,2439.00,1175.00,29.38,E5,200,,8,eos,368,,Phi-4-Mini,Q6_K,0.0,1.0,1,42,45,v1.0
v1_a1_grammar_20260221_165923,2026-02-21T17:10:59.866238,WP_000010,gsm8k,WP,industry_tier1_40_v2,v1_a1_grammar,3,A1,1,G1-relaxed,12,PT3_phi_chat,P3_numeric_context,The trip took 7 hours.,7,1,6,0,6896.027,0,1264.00,2439.00,1175.00,29.38,E5,200,,8,eos,368,,Phi-4-Mini,Q6_K,0.0,1.0,1,42,45,v1.0
v1_a1_grammar_20260221_165923,2026-02-21T17:11:02.558656,LOG_000001,ruletaker,LOG,industry_tier1_40_v2,v1_a1_grammar,1,A1,1,G1-relaxed,6,PT3_phi_chat,P3_numeric_context,No.,No,1,Yes,0,2691.736,0,1264.00,2439.00,1175.00,29.38,E2,200,,3,eos,765,,Phi-4-Mini,Q6_K,0.0,1.0,1,42,45,v1.0
v1_a1_grammar_20260221_165923,2026-02-21T17:11:05.258348,LOG_000001,ruletaker,LOG,industry_tier1_40_v2,v1_a1_grammar,2,A1,1,G1-relaxed,6,PT3_phi_chat,P3_numeric_context,No.,No,1,Yes,0,2599.145,0,1264.00,2439.00,1175.00,29.38,E2,200,,3,eos,765,,Phi-4-Mini,Q6_K,0.0,1.0,1,42,45,v1.0
v1_a1_grammar_20260221_165923,2026-02-21T17:11:08.019227,LOG_000001,ruletaker,LOG,industry_tier1_40_v2,v1_a1_grammar,3,A1,1,G1-relaxed,6,PT3_phi_chat,P3_numeric_context,No.,No,1,Yes,0,2660.198,0,1264.00,2439.00,1175.00,29.38,E2,200,,3,eos,765,,Phi-4-Mini,Q6_K,0.0,1.0,1,42,45,v1.0
v1_a1_grammar_20260221_165923,2026-02-21T17:11:10.642297,LOG_000002,ruletaker,LOG,industry_tier1_40_v2,v1_a1_grammar,1,A1,1,G1-relaxed,6,PT3_phi_chat,P3_numeric_context,Yes.,Yes,1,Yes,1,2622.440,0,1264.00,2439.00,1175.00,29.38,E0,200,,3,eos,685,,Phi-4-Mini,Q6_K,0.0,1.0,1,42,45,v1.0
v1_a1_grammar_20260221_165923,2026-02-21T17:11:13.401410,LOG_000002,ruletaker,LOG,industry_tier1_40_v2,v1_a1_grammar,2,A1,1,G1-relaxed,6,PT3_phi_chat,P3_numeric_context,Yes.,Yes,1,Yes,1,2658.526,0,1264.00,2439.00,1175.00,29.38,E0,200,,3,eos,685,,Phi-4-Mini,Q6_K,0.0,1.0,1,42,45,v1.0
v1_a1_grammar_20260221_165923,2026-02-21T17:11:16.150301,LOG_000002,ruletaker,LOG,industry_tier1_40_v2,v1_a1_grammar,3,A1,1,G1-relaxed,6,PT3_phi_chat,P3_numeric_context,Yes.,Yes,1,Yes,1,2648.352,0,1264.00,2439.00,1175.00,29.38,E0,200,,3,eos,685,,Phi-4-Mini,Q6_K,0.0,1.0,1,42,45,v1.0
v1_a1_grammar_20260221_165923,2026-02-21T17:11:18.763370,LOG_000003,ruletaker,LOG,industry_tier1_40_v2,v1_a1_grammar,1,A1,1,G1-relaxed,6,PT3_phi_chat,P3_numeric_context,Yes.,Yes,1,Yes,1,2612.589,0,1264.00,2439.00,1175.00,29.38,E0,200,,3,eos,410,,Phi-4-Mini,Q6_K,0.0,1.0,1,42,45,v1.0
v1_a1_grammar_20260221_165923,2026-02-21T17:11:21.473626,LOG_000003,ruletaker,LOG,industry_tier1_40_v2,v1_a1_grammar,2,A1,1,G1-relaxed,6,PT3_phi_chat,P3_numeric_context,Yes.,Yes,1,Yes,1,2609.720,0,1264.00,2439.00,1175.00,29.38,E0,200,,3,eos,410,,Phi-4-Mini,Q6_K,0.0,1.0,1,42,45,v1.0
v1_a1_grammar_20260221_165923,2026-02-21T17:11:24.152291,LOG_000003,ruletaker,LOG,industry_tier1_40_v2,v1_a1_grammar,3,A1,1,G1-relaxed,6,PT3_phi_chat,P3_numeric_context,Yes.,Yes,1,Yes,1,2578.139,0,1264.00,2439.00,1175.00,29.38,E0,200,,3,eos,410,,Phi-4-Mini,Q6_K,0.0,1.0,1,42,45,v1.0
v1_a1_grammar_20260221_165923,2026-02-21T17:11:26.794643,LOG_000004,ruletaker,LOG,industry_tier1_40_v2,v1_a1_grammar,1,A1,1,G1-relaxed,6,PT3_phi_chat,P3_numeric_context,No.,No,1,Yes,0,2641.873,0,1264.00,2439.00,1175.00,29.38,E2,200,,3,eos,367,,Phi-4-Mini,Q6_K,0.0,1.0,1,42,45,v1.0
v1_a1_grammar_20260221_165923,2026-02-21T17:11:29.472257,LOG_000004,ruletaker,LOG,industry_tier1_40_v2,v1_a1_grammar,2,A1,1,G1-relaxed,6,PT3_phi_chat,P3_numeric_context,No.,No,1,Yes,0,2577.080,0,1264.00,2439.00,1175.00,29.38,E2,200,,3,eos,367,,Phi-4-Mini,Q6_K,0.0,1.0,1,42,45,v1.0
v1_a1_grammar_20260221_165923,2026-02-21T17:11:32.225580,LOG_000004,ruletaker,LOG,industry_tier1_40_v2,v1_a1_grammar,3,A1,1,G1-relaxed,6,PT3_phi_chat,P3_numeric_context,No.,No,1,Yes,0,2652.788,0,1264.00,2439.00,1175.00,29.38,E2,200,,3,eos,367,,Phi-4-Mini,Q6_K,0.0,1.0,1,42,45,v1.0
v1_a1_grammar_20260221_165923,2026-02-21T17:11:34.817388,LOG_000005,ruletaker,LOG,industry_tier1_40_v2,v1_a1_grammar,1,A1,1,G1-relaxed,6,PT3_phi_chat,P3_numeric_context,No.,No,1,No,1,2591.290,0,1264.00,2439.00,1175.00,29.38,E0,200,,3,eos,377,,Phi-4-Mini,Q6_K,0.0,1.0,1,42,45,v1.0
v1_a1_grammar_20260221_165923,2026-02-21T17:11:37.562068,LOG_000005,ruletaker,LOG,industry_tier1_40_v2,v1_a1_grammar,2,A1,1,G1-relaxed,6,PT3_phi_chat,P3_numeric_context,No.,No,1,No,1,2644.136,0,1264.00,2439.00,1175.00,29.38,E0,200,,3,eos,377,,Phi-4-Mini,Q6_K,0.0,1.0,1,42,45,v1.0
v1_a1_grammar_20260221_165923,2026-02-21T17:11:40.232000,LOG_000005,ruletaker,LOG,industry_tier1_40_v2,v1_a1_grammar,3,A1,1,G1-relaxed,6,PT3_phi_chat,P3_numeric_context,No.,No,1,No,1,2569.400,0,1264.00,2439.00,1175.00,29.38,E0,200,,3,eos,377,,Phi-4-Mini,Q6_K,0.0,1.0,1,42,45,v1.0
v1_a1_grammar_20260221_165923,2026-02-21T17:11:42.909164,LOG_000006,ruletaker,LOG,industry_tier1_40_v2,v1_a1_grammar,1,A1,1,G1-relaxed,6,PT3_phi_chat,P3_numeric_context,Yes.,Yes,1,Yes,1,2676.685,0,1264.00,2439.00,1175.00,29.38,E0,200,,3,eos,611,,Phi-4-Mini,Q6_K,0.0,1.0,1,42,45,v1.0
v1_a1_grammar_20260221_165923,2026-02-21T17:11:45.602246,LOG_000006,ruletaker,LOG,industry_tier1_40_v2,v1_a1_grammar,2,A1,1,G1-relaxed,6,PT3_phi_chat,P3_numeric_context,Yes.,Yes,1,Yes,1,2592.503,0,1264.00,2439.00,1175.00,29.38,E0,200,,3,eos,611,,Phi-4-Mini,Q6_K,0.0,1.0,1,42,45,v1.0
v1_a1_grammar_20260221_165923,2026-02-21T17:11:48.351041,LOG_000006,ruletaker,LOG,industry_tier1_40_v2,v1_a1_grammar,3,A1,1,G1-relaxed,6,PT3_phi_chat,P3_numeric_context,Yes.,Yes,1,Yes,1,2648.242,0,1264.00,2439.00,1175.00,29.38,E0,200,,3,eos,611,,Phi-4-Mini,Q6_K,0.0,1.0,1,42,45,v1.0
v1_a1_grammar_20260221_165923,2026-02-21T17:11:50.997000,LOG_000007,ruletaker,LOG,industry_tier1_40_v2,v1_a1_grammar,1,A1,1,G1-relaxed,6,PT3_phi_chat,P3_numeric_context,No.,No,1,No,1,2645.409,0,1264.00,2439.00,1175.00,29.38,E0,200,,3,eos,853,,Phi-4-Mini,Q6_K,0.0,1.0,1,42,45,v1.0
v1_a1_grammar_20260221_165923,2026-02-21T17:11:53.711299,LOG_000007,ruletaker,LOG,industry_tier1_40_v2,v1_a1_grammar,2,A1,1,G1-relaxed,6,PT3_phi_chat,P3_numeric_context,No.,No,1,No,1,2613.720,0,1264.00,2439.00,1175.00,29.38,E0,200,,3,eos,853,,Phi-4-Mini,Q6_K,0.0,1.0,1,42,45,v1.0
v1_a1_grammar_20260221_165923,2026-02-21T17:11:56.462416,LOG_000007,ruletaker,LOG,industry_tier1_40_v2,v1_a1_grammar,3,A1,1,G1-relaxed,6,PT3_phi_chat,P3_numeric_context,No.,No,1,No,1,2650.582,0,1264.00,2439.00,1175.00,29.38,E0,200,,3,eos,853,,Phi-4-Mini,Q6_K,0.0,1.0,1,42,45,v1.0
v1_a1_grammar_20260221_165923,2026-02-21T17:11:59.090655,LOG_000008,ruletaker,LOG,industry_tier1_40_v2,v1_a1_grammar,1,A1,1,G1-relaxed,6,PT3_phi_chat,P3_numeric_context,Yes.,Yes,1,No,0,2627.770,0,1264.00,2439.00,1175.00,29.38,E2,200,,3,eos,517,,Phi-4-Mini,Q6_K,0.0,1.0,1,42,45,v1.0
v1_a1_grammar_20260221_165923,2026-02-21T17:12:01.822072,LOG_000008,ruletaker,LOG,industry_tier1_40_v2,v1_a1_grammar,2,A1,1,G1-relaxed,6,PT3_phi_chat,P3_numeric_context,Yes.,Yes,1,No,0,2630.886,0,1264.00,2439.00,1175.00,29.38,E2,200,,3,eos,517,,Phi-4-Mini,Q6_K,0.0,1.0,1,42,45,v1.0
v1_a1_grammar_20260221_165923,2026-02-21T17:12:04.518053,LOG_000008,ruletaker,LOG,industry_tier1_40_v2,v1_a1_grammar,3,A1,1,G1-relaxed,6,PT3_phi_chat,P3_numeric_context,Yes.,Yes,1,No,0,2595.452,0,1264.00,2439.00,1175.00,29.38,E2,200,,3,eos,517,,Phi-4-Mini,Q6_K,0.0,1.0,1,42,45,v1.0
v1_a1_grammar_20260221_165923,2026-02-21T17:12:07.205520,LOG_000009,ruletaker,LOG,industry_tier1_40_v2,v1_a1_grammar,1,A1,1,G1-relaxed,6,PT3_phi_chat,P3_numeric_context,No.,No,1,Yes,0,2686.939,0,1264.00,2439.00,1175.00,29.38,E2,200,,3,eos,680,,Phi-4-Mini,Q6_K,0.0,1.0,1,42,45,v1.0
v1_a1_grammar_20260221_165923,2026-02-21T17:12:09.894921,LOG_000009,ruletaker,LOG,industry_tier1_40_v2,v1_a1_grammar,2,A1,1,G1-relaxed,6,PT3_phi_chat,P3_numeric_context,No.,No,1,Yes,0,2588.735,0,1264.00,2439.00,1175.00,29.38,E2,200,,3,eos,680,,Phi-4-Mini,Q6_K,0.0,1.0,1,42,45,v1.0
v1_a1_grammar_20260221_165923,2026-02-21T17:12:12.664892,LOG_000009,ruletaker,LOG,industry_tier1_40_v2,v1_a1_grammar,3,A1,1,G1-relaxed,6,PT3_phi_chat,P3_numeric_context,No.,No,1,Yes,0,2669.436,0,1264.00,2439.00,1175.00,29.38,E2,200,,3,eos,680,,Phi-4-Mini,Q6_K,0.0,1.0,1,42,45,v1.0
v1_a1_grammar_20260221_165923,2026-02-21T17:12:15.284281,LOG_000010,ruletaker,LOG,industry_tier1_40_v2,v1_a1_grammar,1,A1,1,G1-relaxed,6,PT3_phi_chat,P3_numeric_context,No.,No,1,No,1,2618.918,0,1264.00,2439.00,1175.00,29.38,E0,200,,3,eos,494,,Phi-4-Mini,Q6_K,0.0,1.0,1,42,45,v1.0
v1_a1_grammar_20260221_165923,2026-02-21T17:12:18.018728,LOG_000010,ruletaker,LOG,industry_tier1_40_v2,v1_a1_grammar,2,A1,1,G1-relaxed,6,PT3_phi_chat,P3_numeric_context,No.,No,1,No,1,2633.904,0,1264.00,2439.00,1175.00,29.38,E0,200,,3,eos,494,,Phi-4-Mini,Q6_K,0.0,1.0,1,42,45,v1.0
v1_a1_grammar_20260221_165923,2026-02-21T17:12:20.688390,LOG_000010,ruletaker,LOG,industry_tier1_40_v2,v1_a1_grammar,3,A1,1,G1-relaxed,6,PT3_phi_chat,P3_numeric_context,No.,No,1,No,1,2569.122,0,1264.00,2439.00,1175.00,29.38,E0,200,,3,eos,494,,Phi-4-Mini,Q6_K,0.0,1.0,1,42,45,v1.0
