run_id,timestamp,prompt_id,dataset,category,split,system,repeat_idx,prompt_template_version,parser_version,route_chosen,route_attempt_sequence,escalations_count,decision_reason,final_answer_source,reasoning_mode,symbolic_parse_success,sympy_solve_success,repair_attempted,repair_success,repair_trigger_reason,previous_raw_len,previous_action_id,answer_raw,answer_parsed,parse_success,ground_truth,correct,total_latency_ms,timeout_flag,timeout_policy_version,action_timeout_sec_used,timeout_reason,a6_parse_success,a6_n_facts,a6_n_rules,a6_n_derived,a6_rule_fired,a6_pattern,energy_start_mwh,energy_end_mwh,energy_delta_mwh,energy_per_prompt_mwh,error_code,model_name,quantization,temperature,top_p,top_k,seed,timeout_sec,config_version,router_version
hybrid_v5_cot300_20260222_200019,2026-02-22T20:00:19.484373,AR_000001,deepmind_math,AR,industry_tier1_40_v2,hybrid_v5_cot300,1,PT3_phi_chat,P3_numeric_context,symbolic,A5(Primary route for AR),0,Primary route for AR,symbolic,symbolic,1,0,0,0,,0,,[A5 symbolic: 4 - (5 - (3 + 2)) = 4],4,1,4,1,1.827,0,v5.0_a6_logic_wp300_cot,,,,,,,,,6549.00,11250.00,4701.00,117.53,E0,Qwen2.5-Math-1.5B-Instruct,Q6_K,0.0,1.0,1,42,20,v1.0-qwen-math,v5.0
hybrid_v5_cot300_20260222_200019,2026-02-22T20:00:19.585192,AR_000001,deepmind_math,AR,industry_tier1_40_v2,hybrid_v5_cot300,2,PT3_phi_chat,P3_numeric_context,symbolic,A5(Primary route for AR),0,Primary route for AR,symbolic,symbolic,1,0,0,0,,0,,[A5 symbolic: 4 - (5 - (3 + 2)) = 4],4,1,4,1,0.466,0,v5.0_a6_logic_wp300_cot,,,,,,,,,6549.00,11250.00,4701.00,117.53,E0,Qwen2.5-Math-1.5B-Instruct,Q6_K,0.0,1.0,1,42,20,v1.0-qwen-math,v5.0
hybrid_v5_cot300_20260222_200019,2026-02-22T20:00:19.685964,AR_000001,deepmind_math,AR,industry_tier1_40_v2,hybrid_v5_cot300,3,PT3_phi_chat,P3_numeric_context,symbolic,A5(Primary route for AR),0,Primary route for AR,symbolic,symbolic,1,0,0,0,,0,,[A5 symbolic: 4 - (5 - (3 + 2)) = 4],4,1,4,1,0.451,0,v5.0_a6_logic_wp300_cot,,,,,,,,,6549.00,11250.00,4701.00,117.53,E0,Qwen2.5-Math-1.5B-Instruct,Q6_K,0.0,1.0,1,42,20,v1.0-qwen-math,v5.0
hybrid_v5_cot300_20260222_200019,2026-02-22T20:00:19.686580,AR_000002,deepmind_math,AR,industry_tier1_40_v2,hybrid_v5_cot300,1,PT3_phi_chat,P3_numeric_context,symbolic,A5(Primary route for AR),0,Primary route for AR,symbolic,symbolic,1,0,0,0,,0,,[A5 symbolic: -2 + -1 + (10 + -7 - -4) = 4],4,1,4,1,0.431,0,v5.0_a6_logic_wp300_cot,,,,,,,,,6549.00,11250.00,4701.00,117.53,E0,Qwen2.5-Math-1.5B-Instruct,Q6_K,0.0,1.0,1,42,20,v1.0-qwen-math,v5.0
hybrid_v5_cot300_20260222_200019,2026-02-22T20:00:19.787426,AR_000002,deepmind_math,AR,industry_tier1_40_v2,hybrid_v5_cot300,2,PT3_phi_chat,P3_numeric_context,symbolic,A5(Primary route for AR),0,Primary route for AR,symbolic,symbolic,1,0,0,0,,0,,[A5 symbolic: -2 + -1 + (10 + -7 - -4) = 4],4,1,4,1,0.590,0,v5.0_a6_logic_wp300_cot,,,,,,,,,6549.00,11250.00,4701.00,117.53,E0,Qwen2.5-Math-1.5B-Instruct,Q6_K,0.0,1.0,1,42,20,v1.0-qwen-math,v5.0
hybrid_v5_cot300_20260222_200019,2026-02-22T20:00:19.888342,AR_000002,deepmind_math,AR,industry_tier1_40_v2,hybrid_v5_cot300,3,PT3_phi_chat,P3_numeric_context,symbolic,A5(Primary route for AR),0,Primary route for AR,symbolic,symbolic,1,0,0,0,,0,,[A5 symbolic: -2 + -1 + (10 + -7 - -4) = 4],4,1,4,1,0.612,0,v5.0_a6_logic_wp300_cot,,,,,,,,,6549.00,11250.00,4701.00,117.53,E0,Qwen2.5-Math-1.5B-Instruct,Q6_K,0.0,1.0,1,42,20,v1.0-qwen-math,v5.0
hybrid_v5_cot300_20260222_200019,2026-02-22T20:00:19.888889,AR_000003,deepmind_math,AR,industry_tier1_40_v2,hybrid_v5_cot300,1,PT3_phi_chat,P3_numeric_context,symbolic,A5(Primary route for AR),0,Primary route for AR,symbolic,symbolic,1,0,0,0,,0,,[A5 symbolic: -7.5 - -2320.5 = 2313],2313,1,2313,1,0.331,0,v5.0_a6_logic_wp300_cot,,,,,,,,,6549.00,11250.00,4701.00,117.53,E0,Qwen2.5-Math-1.5B-Instruct,Q6_K,0.0,1.0,1,42,20,v1.0-qwen-math,v5.0
hybrid_v5_cot300_20260222_200019,2026-02-22T20:00:19.989566,AR_000003,deepmind_math,AR,industry_tier1_40_v2,hybrid_v5_cot300,2,PT3_phi_chat,P3_numeric_context,symbolic,A5(Primary route for AR),0,Primary route for AR,symbolic,symbolic,1,0,0,0,,0,,[A5 symbolic: -7.5 - -2320.5 = 2313],2313,1,2313,1,0.445,0,v5.0_a6_logic_wp300_cot,,,,,,,,,6549.00,11250.00,4701.00,117.53,E0,Qwen2.5-Math-1.5B-Instruct,Q6_K,0.0,1.0,1,42,20,v1.0-qwen-math,v5.0
hybrid_v5_cot300_20260222_200019,2026-02-22T20:00:20.090307,AR_000003,deepmind_math,AR,industry_tier1_40_v2,hybrid_v5_cot300,3,PT3_phi_chat,P3_numeric_context,symbolic,A5(Primary route for AR),0,Primary route for AR,symbolic,symbolic,1,0,0,0,,0,,[A5 symbolic: -7.5 - -2320.5 = 2313],2313,1,2313,1,0.437,0,v5.0_a6_logic_wp300_cot,,,,,,,,,6549.00,11250.00,4701.00,117.53,E0,Qwen2.5-Math-1.5B-Instruct,Q6_K,0.0,1.0,1,42,20,v1.0-qwen-math,v5.0
hybrid_v5_cot300_20260222_200019,2026-02-22T20:00:20.090855,AR_000004,deepmind_math,AR,industry_tier1_40_v2,hybrid_v5_cot300,1,PT3_phi_chat,P3_numeric_context,symbolic,A5(Primary route for AR),0,Primary route for AR,symbolic,symbolic,1,0,0,0,,0,,[A5 symbolic: -1*-201 = 201],201,1,201,1,0.332,0,v5.0_a6_logic_wp300_cot,,,,,,,,,6549.00,11250.00,4701.00,117.53,E0,Qwen2.5-Math-1.5B-Instruct,Q6_K,0.0,1.0,1,42,20,v1.0-qwen-math,v5.0
hybrid_v5_cot300_20260222_200019,2026-02-22T20:00:20.191547,AR_000004,deepmind_math,AR,industry_tier1_40_v2,hybrid_v5_cot300,2,PT3_phi_chat,P3_numeric_context,symbolic,A5(Primary route for AR),0,Primary route for AR,symbolic,symbolic,1,0,0,0,,0,,[A5 symbolic: -1*-201 = 201],201,1,201,1,0.423,0,v5.0_a6_logic_wp300_cot,,,,,,,,,6549.00,11250.00,4701.00,117.53,E0,Qwen2.5-Math-1.5B-Instruct,Q6_K,0.0,1.0,1,42,20,v1.0-qwen-math,v5.0
hybrid_v5_cot300_20260222_200019,2026-02-22T20:00:20.292271,AR_000004,deepmind_math,AR,industry_tier1_40_v2,hybrid_v5_cot300,3,PT3_phi_chat,P3_numeric_context,symbolic,A5(Primary route for AR),0,Primary route for AR,symbolic,symbolic,1,0,0,0,,0,,[A5 symbolic: -1*-201 = 201],201,1,201,1,0.419,0,v5.0_a6_logic_wp300_cot,,,,,,,,,6549.00,11250.00,4701.00,117.53,E0,Qwen2.5-Math-1.5B-Instruct,Q6_K,0.0,1.0,1,42,20,v1.0-qwen-math,v5.0
hybrid_v5_cot300_20260222_200019,2026-02-22T20:00:20.293048,AR_000005,deepmind_math,AR,industry_tier1_40_v2,hybrid_v5_cot300,1,PT3_phi_chat,P3_numeric_context,symbolic,A5(Primary route for AR),0,Primary route for AR,symbolic,symbolic,1,0,0,0,,0,,[A5 symbolic: ((-2)/(-3) + -1)/((-2)/6) = 1],1,1,1,1,0.561,0,v5.0_a6_logic_wp300_cot,,,,,,,,,6549.00,11250.00,4701.00,117.53,E0,Qwen2.5-Math-1.5B-Instruct,Q6_K,0.0,1.0,1,42,20,v1.0-qwen-math,v5.0
hybrid_v5_cot300_20260222_200019,2026-02-22T20:00:20.393966,AR_000005,deepmind_math,AR,industry_tier1_40_v2,hybrid_v5_cot300,2,PT3_phi_chat,P3_numeric_context,symbolic,A5(Primary route for AR),0,Primary route for AR,symbolic,symbolic,1,0,0,0,,0,,[A5 symbolic: ((-2)/(-3) + -1)/((-2)/6) = 1],1,1,1,1,0.647,0,v5.0_a6_logic_wp300_cot,,,,,,,,,6549.00,11250.00,4701.00,117.53,E0,Qwen2.5-Math-1.5B-Instruct,Q6_K,0.0,1.0,1,42,20,v1.0-qwen-math,v5.0
hybrid_v5_cot300_20260222_200019,2026-02-22T20:00:20.495114,AR_000005,deepmind_math,AR,industry_tier1_40_v2,hybrid_v5_cot300,3,PT3_phi_chat,P3_numeric_context,symbolic,A5(Primary route for AR),0,Primary route for AR,symbolic,symbolic,1,0,0,0,,0,,[A5 symbolic: ((-2)/(-3) + -1)/((-2)/6) = 1],1,1,1,1,0.799,0,v5.0_a6_logic_wp300_cot,,,,,,,,,6549.00,11250.00,4701.00,117.53,E0,Qwen2.5-Math-1.5B-Instruct,Q6_K,0.0,1.0,1,42,20,v1.0-qwen-math,v5.0
hybrid_v5_cot300_20260222_200019,2026-02-22T20:00:20.495836,AR_000006,deepmind_math,AR,industry_tier1_40_v2,hybrid_v5_cot300,1,PT3_phi_chat,P3_numeric_context,symbolic,A5(Primary route for AR),0,Primary route for AR,symbolic,symbolic,1,0,0,0,,0,,[A5 symbolic: ((-32)/6 - -2)/(104/156) = -5],-5,1,-5,1,0.448,0,v5.0_a6_logic_wp300_cot,,,,,,,,,6549.00,11250.00,4701.00,117.53,E0,Qwen2.5-Math-1.5B-Instruct,Q6_K,0.0,1.0,1,42,20,v1.0-qwen-math,v5.0
hybrid_v5_cot300_20260222_200019,2026-02-22T20:00:20.596650,AR_000006,deepmind_math,AR,industry_tier1_40_v2,hybrid_v5_cot300,2,PT3_phi_chat,P3_numeric_context,symbolic,A5(Primary route for AR),0,Primary route for AR,symbolic,symbolic,1,0,0,0,,0,,[A5 symbolic: ((-32)/6 - -2)/(104/156) = -5],-5,1,-5,1,0.461,0,v5.0_a6_logic_wp300_cot,,,,,,,,,6549.00,11250.00,4701.00,117.53,E0,Qwen2.5-Math-1.5B-Instruct,Q6_K,0.0,1.0,1,42,20,v1.0-qwen-math,v5.0
hybrid_v5_cot300_20260222_200019,2026-02-22T20:00:20.697418,AR_000006,deepmind_math,AR,industry_tier1_40_v2,hybrid_v5_cot300,3,PT3_phi_chat,P3_numeric_context,symbolic,A5(Primary route for AR),0,Primary route for AR,symbolic,symbolic,1,0,0,0,,0,,[A5 symbolic: ((-32)/6 - -2)/(104/156) = -5],-5,1,-5,1,0.453,0,v5.0_a6_logic_wp300_cot,,,,,,,,,6549.00,11250.00,4701.00,117.53,E0,Qwen2.5-Math-1.5B-Instruct,Q6_K,0.0,1.0,1,42,20,v1.0-qwen-math,v5.0
hybrid_v5_cot300_20260222_200019,2026-02-22T20:00:20.697982,AR_000007,deepmind_math,AR,industry_tier1_40_v2,hybrid_v5_cot300,1,PT3_phi_chat,P3_numeric_context,symbolic,A5(Primary route for AR),0,Primary route for AR,symbolic,symbolic,1,0,0,0,,0,,[A5 symbolic: -3 - 2 - (-4 + -3 - 2) = 4],4,1,4,1,0.341,0,v5.0_a6_logic_wp300_cot,,,,,,,,,6549.00,11250.00,4701.00,117.53,E0,Qwen2.5-Math-1.5B-Instruct,Q6_K,0.0,1.0,1,42,20,v1.0-qwen-math,v5.0
hybrid_v5_cot300_20260222_200019,2026-02-22T20:00:20.798731,AR_000007,deepmind_math,AR,industry_tier1_40_v2,hybrid_v5_cot300,2,PT3_phi_chat,P3_numeric_context,symbolic,A5(Primary route for AR),0,Primary route for AR,symbolic,symbolic,1,0,0,0,,0,,[A5 symbolic: -3 - 2 - (-4 + -3 - 2) = 4],4,1,4,1,0.483,0,v5.0_a6_logic_wp300_cot,,,,,,,,,6549.00,11250.00,4701.00,117.53,E0,Qwen2.5-Math-1.5B-Instruct,Q6_K,0.0,1.0,1,42,20,v1.0-qwen-math,v5.0
hybrid_v5_cot300_20260222_200019,2026-02-22T20:00:20.899487,AR_000007,deepmind_math,AR,industry_tier1_40_v2,hybrid_v5_cot300,3,PT3_phi_chat,P3_numeric_context,symbolic,A5(Primary route for AR),0,Primary route for AR,symbolic,symbolic,1,0,0,0,,0,,[A5 symbolic: -3 - 2 - (-4 + -3 - 2) = 4],4,1,4,1,0.454,0,v5.0_a6_logic_wp300_cot,,,,,,,,,6549.00,11250.00,4701.00,117.53,E0,Qwen2.5-Math-1.5B-Instruct,Q6_K,0.0,1.0,1,42,20,v1.0-qwen-math,v5.0
hybrid_v5_cot300_20260222_200019,2026-02-22T20:00:20.900110,AR_000008,deepmind_math,AR,industry_tier1_40_v2,hybrid_v5_cot300,1,PT3_phi_chat,P3_numeric_context,symbolic,A5(Primary route for AR),0,Primary route for AR,symbolic,symbolic,1,0,0,0,,0,,[A5 symbolic: -8 - (-3 + 0) - -3 = -2],-2,1,-2,1,0.414,0,v5.0_a6_logic_wp300_cot,,,,,,,,,6549.00,11250.00,4701.00,117.53,E0,Qwen2.5-Math-1.5B-Instruct,Q6_K,0.0,1.0,1,42,20,v1.0-qwen-math,v5.0
hybrid_v5_cot300_20260222_200019,2026-02-22T20:00:21.000891,AR_000008,deepmind_math,AR,industry_tier1_40_v2,hybrid_v5_cot300,2,PT3_phi_chat,P3_numeric_context,symbolic,A5(Primary route for AR),0,Primary route for AR,symbolic,symbolic,1,0,0,0,,0,,[A5 symbolic: -8 - (-3 + 0) - -3 = -2],-2,1,-2,1,0.515,0,v5.0_a6_logic_wp300_cot,,,,,,,,,6549.00,11250.00,4701.00,117.53,E0,Qwen2.5-Math-1.5B-Instruct,Q6_K,0.0,1.0,1,42,20,v1.0-qwen-math,v5.0
hybrid_v5_cot300_20260222_200019,2026-02-22T20:00:21.101708,AR_000008,deepmind_math,AR,industry_tier1_40_v2,hybrid_v5_cot300,3,PT3_phi_chat,P3_numeric_context,symbolic,A5(Primary route for AR),0,Primary route for AR,symbolic,symbolic,1,0,0,0,,0,,[A5 symbolic: -8 - (-3 + 0) - -3 = -2],-2,1,-2,1,0.513,0,v5.0_a6_logic_wp300_cot,,,,,,,,,6549.00,11250.00,4701.00,117.53,E0,Qwen2.5-Math-1.5B-Instruct,Q6_K,0.0,1.0,1,42,20,v1.0-qwen-math,v5.0
hybrid_v5_cot300_20260222_200019,2026-02-22T20:00:21.102733,AR_000009,deepmind_math,AR,industry_tier1_40_v2,hybrid_v5_cot300,1,PT3_phi_chat,P3_numeric_context,symbolic,A5(Primary route for AR),0,Primary route for AR,symbolic,symbolic,1,0,0,0,,0,,[A5 symbolic: 710 / 142 = 5],5,1,5,1,0.806,0,v5.0_a6_logic_wp300_cot,,,,,,,,,6549.00,11250.00,4701.00,117.53,E0,Qwen2.5-Math-1.5B-Instruct,Q6_K,0.0,1.0,1,42,20,v1.0-qwen-math,v5.0
hybrid_v5_cot300_20260222_200019,2026-02-22T20:00:21.203418,AR_000009,deepmind_math,AR,industry_tier1_40_v2,hybrid_v5_cot300,2,PT3_phi_chat,P3_numeric_context,symbolic,A5(Primary route for AR),0,Primary route for AR,symbolic,symbolic,1,0,0,0,,0,,[A5 symbolic: 710 / 142 = 5],5,1,5,1,0.400,0,v5.0_a6_logic_wp300_cot,,,,,,,,,6549.00,11250.00,4701.00,117.53,E0,Qwen2.5-Math-1.5B-Instruct,Q6_K,0.0,1.0,1,42,20,v1.0-qwen-math,v5.0
hybrid_v5_cot300_20260222_200019,2026-02-22T20:00:21.304098,AR_000009,deepmind_math,AR,industry_tier1_40_v2,hybrid_v5_cot300,3,PT3_phi_chat,P3_numeric_context,symbolic,A5(Primary route for AR),0,Primary route for AR,symbolic,symbolic,1,0,0,0,,0,,[A5 symbolic: 710 / 142 = 5],5,1,5,1,0.366,0,v5.0_a6_logic_wp300_cot,,,,,,,,,6549.00,11250.00,4701.00,117.53,E0,Qwen2.5-Math-1.5B-Instruct,Q6_K,0.0,1.0,1,42,20,v1.0-qwen-math,v5.0
hybrid_v5_cot300_20260222_200019,2026-02-22T20:00:21.304559,AR_000010,deepmind_math,AR,industry_tier1_40_v2,hybrid_v5_cot300,1,PT3_phi_chat,P3_numeric_context,symbolic,A5(Primary route for AR),0,Primary route for AR,symbolic,symbolic,1,0,0,0,,0,,[A5 symbolic: -12028 / 3007 = -4],-4,1,-4,1,0.255,0,v5.0_a6_logic_wp300_cot,,,,,,,,,6549.00,11250.00,4701.00,117.53,E0,Qwen2.5-Math-1.5B-Instruct,Q6_K,0.0,1.0,1,42,20,v1.0-qwen-math,v5.0
hybrid_v5_cot300_20260222_200019,2026-02-22T20:00:21.405173,AR_000010,deepmind_math,AR,industry_tier1_40_v2,hybrid_v5_cot300,2,PT3_phi_chat,P3_numeric_context,symbolic,A5(Primary route for AR),0,Primary route for AR,symbolic,symbolic,1,0,0,0,,0,,[A5 symbolic: -12028 / 3007 = -4],-4,1,-4,1,0.388,0,v5.0_a6_logic_wp300_cot,,,,,,,,,6549.00,11250.00,4701.00,117.53,E0,Qwen2.5-Math-1.5B-Instruct,Q6_K,0.0,1.0,1,42,20,v1.0-qwen-math,v5.0
hybrid_v5_cot300_20260222_200019,2026-02-22T20:00:21.505857,AR_000010,deepmind_math,AR,industry_tier1_40_v2,hybrid_v5_cot300,3,PT3_phi_chat,P3_numeric_context,symbolic,A5(Primary route for AR),0,Primary route for AR,symbolic,symbolic,1,0,0,0,,0,,[A5 symbolic: -12028 / 3007 = -4],-4,1,-4,1,0.386,0,v5.0_a6_logic_wp300_cot,,,,,,,,,6549.00,11250.00,4701.00,117.53,E0,Qwen2.5-Math-1.5B-Instruct,Q6_K,0.0,1.0,1,42,20,v1.0-qwen-math,v5.0
hybrid_v5_cot300_20260222_200019,2026-02-22T20:00:21.646573,ALG_000001,deepmind_math,ALG,industry_tier1_40_v2,hybrid_v5_cot300,1,PT3_phi_chat,P3_numeric_context,sympy,A4(Primary route for ALG),0,Primary route for ALG,sympy,symbolic,1,1,0,0,,0,,"[A4: ['27 = -4*d - 5*z - 9', '4*z + 12 = d'] solve d -> -4]",-4,1,-4,1,140.477,0,v5.0_a6_logic_wp300_cot,,,,,,,,,6549.00,11250.00,4701.00,117.53,E0,Qwen2.5-Math-1.5B-Instruct,Q6_K,0.0,1.0,1,42,20,v1.0-qwen-math,v5.0
hybrid_v5_cot300_20260222_200019,2026-02-22T20:00:21.759996,ALG_000001,deepmind_math,ALG,industry_tier1_40_v2,hybrid_v5_cot300,2,PT3_phi_chat,P3_numeric_context,sympy,A4(Primary route for ALG),0,Primary route for ALG,sympy,symbolic,1,1,0,0,,0,,"[A4: ['27 = -4*d - 5*z - 9', '4*z + 12 = d'] solve d -> -4]",-4,1,-4,1,13.004,0,v5.0_a6_logic_wp300_cot,,,,,,,,,6549.00,11250.00,4701.00,117.53,E0,Qwen2.5-Math-1.5B-Instruct,Q6_K,0.0,1.0,1,42,20,v1.0-qwen-math,v5.0
hybrid_v5_cot300_20260222_200019,2026-02-22T20:00:21.871928,ALG_000001,deepmind_math,ALG,industry_tier1_40_v2,hybrid_v5_cot300,3,PT3_phi_chat,P3_numeric_context,sympy,A4(Primary route for ALG),0,Primary route for ALG,sympy,symbolic,1,1,0,0,,0,,"[A4: ['27 = -4*d - 5*z - 9', '4*z + 12 = d'] solve d -> -4]",-4,1,-4,1,11.559,0,v5.0_a6_logic_wp300_cot,,,,,,,,,6549.00,11250.00,4701.00,117.53,E0,Qwen2.5-Math-1.5B-Instruct,Q6_K,0.0,1.0,1,42,20,v1.0-qwen-math,v5.0
hybrid_v5_cot300_20260222_200019,2026-02-22T20:00:21.914003,ALG_000002,deepmind_math,ALG,industry_tier1_40_v2,hybrid_v5_cot300,1,PT3_phi_chat,P3_numeric_context,sympy,A4(Primary route for ALG),0,Primary route for ALG,sympy,symbolic,1,1,0,0,,0,,"[A4: ['c + c - 5*p = -25', '5 = 2*c + p'] solve c -> 0]",0,1,0,1,41.786,0,v5.0_a6_logic_wp300_cot,,,,,,,,,6549.00,11250.00,4701.00,117.53,E0,Qwen2.5-Math-1.5B-Instruct,Q6_K,0.0,1.0,1,42,20,v1.0-qwen-math,v5.0
hybrid_v5_cot300_20260222_200019,2026-02-22T20:00:22.026089,ALG_000002,deepmind_math,ALG,industry_tier1_40_v2,hybrid_v5_cot300,2,PT3_phi_chat,P3_numeric_context,sympy,A4(Primary route for ALG),0,Primary route for ALG,sympy,symbolic,1,1,0,0,,0,,"[A4: ['c + c - 5*p = -25', '5 = 2*c + p'] solve c -> 0]",0,1,0,1,11.717,0,v5.0_a6_logic_wp300_cot,,,,,,,,,6549.00,11250.00,4701.00,117.53,E0,Qwen2.5-Math-1.5B-Instruct,Q6_K,0.0,1.0,1,42,20,v1.0-qwen-math,v5.0
hybrid_v5_cot300_20260222_200019,2026-02-22T20:00:22.138468,ALG_000002,deepmind_math,ALG,industry_tier1_40_v2,hybrid_v5_cot300,3,PT3_phi_chat,P3_numeric_context,sympy,A4(Primary route for ALG),0,Primary route for ALG,sympy,symbolic,1,1,0,0,,0,,"[A4: ['c + c - 5*p = -25', '5 = 2*c + p'] solve c -> 0]",0,1,0,1,12.009,0,v5.0_a6_logic_wp300_cot,,,,,,,,,6549.00,11250.00,4701.00,117.53,E0,Qwen2.5-Math-1.5B-Instruct,Q6_K,0.0,1.0,1,42,20,v1.0-qwen-math,v5.0
hybrid_v5_cot300_20260222_200019,2026-02-22T20:00:22.161809,ALG_000003,deepmind_math,ALG,industry_tier1_40_v2,hybrid_v5_cot300,1,PT3_phi_chat,P3_numeric_context,sympy,A4(Primary route for ALG),0,Primary route for ALG,sympy,symbolic,1,1,0,0,,0,,[A4: ['0 = -37*o + 41*o - 8'] solve o -> 2],2,1,2,1,22.811,0,v5.0_a6_logic_wp300_cot,,,,,,,,,6549.00,11250.00,4701.00,117.53,E0,Qwen2.5-Math-1.5B-Instruct,Q6_K,0.0,1.0,1,42,20,v1.0-qwen-math,v5.0
hybrid_v5_cot300_20260222_200019,2026-02-22T20:00:22.269212,ALG_000003,deepmind_math,ALG,industry_tier1_40_v2,hybrid_v5_cot300,2,PT3_phi_chat,P3_numeric_context,sympy,A4(Primary route for ALG),0,Primary route for ALG,sympy,symbolic,1,1,0,0,,0,,[A4: ['0 = -37*o + 41*o - 8'] solve o -> 2],2,1,2,1,6.782,0,v5.0_a6_logic_wp300_cot,,,,,,,,,6549.00,11250.00,4701.00,117.53,E0,Qwen2.5-Math-1.5B-Instruct,Q6_K,0.0,1.0,1,42,20,v1.0-qwen-math,v5.0
hybrid_v5_cot300_20260222_200019,2026-02-22T20:00:22.376584,ALG_000003,deepmind_math,ALG,industry_tier1_40_v2,hybrid_v5_cot300,3,PT3_phi_chat,P3_numeric_context,sympy,A4(Primary route for ALG),0,Primary route for ALG,sympy,symbolic,1,1,0,0,,0,,[A4: ['0 = -37*o + 41*o - 8'] solve o -> 2],2,1,2,1,6.755,0,v5.0_a6_logic_wp300_cot,,,,,,,,,6549.00,11250.00,4701.00,117.53,E0,Qwen2.5-Math-1.5B-Instruct,Q6_K,0.0,1.0,1,42,20,v1.0-qwen-math,v5.0
hybrid_v5_cot300_20260222_200019,2026-02-22T20:00:22.418836,ALG_000004,deepmind_math,ALG,industry_tier1_40_v2,hybrid_v5_cot300,1,PT3_phi_chat,P3_numeric_context,sympy,A4(Primary route for ALG),0,Primary route for ALG,sympy,symbolic,1,1,0,0,,0,,"[A4: ['15 = o + 2*t + 4', '-18 = -3*o - t'] solve o -> 5]",5,1,5,1,41.714,0,v5.0_a6_logic_wp300_cot,,,,,,,,,6549.00,11250.00,4701.00,117.53,E0,Qwen2.5-Math-1.5B-Instruct,Q6_K,0.0,1.0,1,42,20,v1.0-qwen-math,v5.0
hybrid_v5_cot300_20260222_200019,2026-02-22T20:00:22.530443,ALG_000004,deepmind_math,ALG,industry_tier1_40_v2,hybrid_v5_cot300,2,PT3_phi_chat,P3_numeric_context,sympy,A4(Primary route for ALG),0,Primary route for ALG,sympy,symbolic,1,1,0,0,,0,,"[A4: ['15 = o + 2*t + 4', '-18 = -3*o - t'] solve o -> 5]",5,1,5,1,11.241,0,v5.0_a6_logic_wp300_cot,,,,,,,,,6549.00,11250.00,4701.00,117.53,E0,Qwen2.5-Math-1.5B-Instruct,Q6_K,0.0,1.0,1,42,20,v1.0-qwen-math,v5.0
hybrid_v5_cot300_20260222_200019,2026-02-22T20:00:22.642287,ALG_000004,deepmind_math,ALG,industry_tier1_40_v2,hybrid_v5_cot300,3,PT3_phi_chat,P3_numeric_context,sympy,A4(Primary route for ALG),0,Primary route for ALG,sympy,symbolic,1,1,0,0,,0,,"[A4: ['15 = o + 2*t + 4', '-18 = -3*o - t'] solve o -> 5]",5,1,5,1,11.167,0,v5.0_a6_logic_wp300_cot,,,,,,,,,6549.00,11250.00,4701.00,117.53,E0,Qwen2.5-Math-1.5B-Instruct,Q6_K,0.0,1.0,1,42,20,v1.0-qwen-math,v5.0
hybrid_v5_cot300_20260222_200019,2026-02-22T20:00:23.008055,ALG_000005,deepmind_math,ALG,industry_tier1_40_v2,hybrid_v5_cot300,1,PT3_phi_chat,P3_numeric_context,sympy,A4(Primary route for ALG),0,Primary route for ALG,sympy,symbolic,1,1,0,0,,0,,[A4: ['4*t**3 - 648*t**2 + 34992*t - 629856 = 0'] solve t -> 54],54,1,54,1,365.187,0,v5.0_a6_logic_wp300_cot,,,,,,,,,6549.00,11250.00,4701.00,117.53,E0,Qwen2.5-Math-1.5B-Instruct,Q6_K,0.0,1.0,1,42,20,v1.0-qwen-math,v5.0
hybrid_v5_cot300_20260222_200019,2026-02-22T20:00:23.120014,ALG_000005,deepmind_math,ALG,industry_tier1_40_v2,hybrid_v5_cot300,2,PT3_phi_chat,P3_numeric_context,sympy,A4(Primary route for ALG),0,Primary route for ALG,sympy,symbolic,1,1,0,0,,0,,[A4: ['4*t**3 - 648*t**2 + 34992*t - 629856 = 0'] solve t -> 54],54,1,54,1,11.602,0,v5.0_a6_logic_wp300_cot,,,,,,,,,6549.00,11250.00,4701.00,117.53,E0,Qwen2.5-Math-1.5B-Instruct,Q6_K,0.0,1.0,1,42,20,v1.0-qwen-math,v5.0
hybrid_v5_cot300_20260222_200019,2026-02-22T20:00:23.231459,ALG_000005,deepmind_math,ALG,industry_tier1_40_v2,hybrid_v5_cot300,3,PT3_phi_chat,P3_numeric_context,sympy,A4(Primary route for ALG),0,Primary route for ALG,sympy,symbolic,1,1,0,0,,0,,[A4: ['4*t**3 - 648*t**2 + 34992*t - 629856 = 0'] solve t -> 54],54,1,54,1,11.076,0,v5.0_a6_logic_wp300_cot,,,,,,,,,6549.00,11250.00,4701.00,117.53,E0,Qwen2.5-Math-1.5B-Instruct,Q6_K,0.0,1.0,1,42,20,v1.0-qwen-math,v5.0
hybrid_v5_cot300_20260222_200019,2026-02-22T20:00:23.287766,ALG_000006,deepmind_math,ALG,industry_tier1_40_v2,hybrid_v5_cot300,1,PT3_phi_chat,P3_numeric_context,sympy,A4(Primary route for ALG),0,Primary route for ALG,sympy,symbolic,1,1,0,0,,0,,"[A4: ['4*b - 4 = 4*p', '0 = -2*b - 2*p - 2*p + 14'] solve b -> 3]",3,1,3,1,56.021,0,v5.0_a6_logic_wp300_cot,,,,,,,,,6549.00,11250.00,4701.00,117.53,E0,Qwen2.5-Math-1.5B-Instruct,Q6_K,0.0,1.0,1,42,20,v1.0-qwen-math,v5.0
hybrid_v5_cot300_20260222_200019,2026-02-22T20:00:23.400162,ALG_000006,deepmind_math,ALG,industry_tier1_40_v2,hybrid_v5_cot300,2,PT3_phi_chat,P3_numeric_context,sympy,A4(Primary route for ALG),0,Primary route for ALG,sympy,symbolic,1,1,0,0,,0,,"[A4: ['4*b - 4 = 4*p', '0 = -2*b - 2*p - 2*p + 14'] solve b -> 3]",3,1,3,1,12.029,0,v5.0_a6_logic_wp300_cot,,,,,,,,,6549.00,11250.00,4701.00,117.53,E0,Qwen2.5-Math-1.5B-Instruct,Q6_K,0.0,1.0,1,42,20,v1.0-qwen-math,v5.0
hybrid_v5_cot300_20260222_200019,2026-02-22T20:00:23.516081,ALG_000006,deepmind_math,ALG,industry_tier1_40_v2,hybrid_v5_cot300,3,PT3_phi_chat,P3_numeric_context,sympy,A4(Primary route for ALG),0,Primary route for ALG,sympy,symbolic,1,1,0,0,,0,,"[A4: ['4*b - 4 = 4*p', '0 = -2*b - 2*p - 2*p + 14'] solve b -> 3]",3,1,3,1,15.541,0,v5.0_a6_logic_wp300_cot,,,,,,,,,6549.00,11250.00,4701.00,117.53,E0,Qwen2.5-Math-1.5B-Instruct,Q6_K,0.0,1.0,1,42,20,v1.0-qwen-math,v5.0
hybrid_v5_cot300_20260222_200019,2026-02-22T20:00:23.534147,ALG_000007,deepmind_math,ALG,industry_tier1_40_v2,hybrid_v5_cot300,1,PT3_phi_chat,P3_numeric_context,sympy,A4(Primary route for ALG),0,Primary route for ALG,sympy,symbolic,1,1,0,0,,0,,[A4: ['5*m - 7 - 18 = 0'] solve m -> 5],5,1,5,1,17.785,0,v5.0_a6_logic_wp300_cot,,,,,,,,,6549.00,11250.00,4701.00,117.53,E0,Qwen2.5-Math-1.5B-Instruct,Q6_K,0.0,1.0,1,42,20,v1.0-qwen-math,v5.0
hybrid_v5_cot300_20260222_200019,2026-02-22T20:00:23.641221,ALG_000007,deepmind_math,ALG,industry_tier1_40_v2,hybrid_v5_cot300,2,PT3_phi_chat,P3_numeric_context,sympy,A4(Primary route for ALG),0,Primary route for ALG,sympy,symbolic,1,1,0,0,,0,,[A4: ['5*m - 7 - 18 = 0'] solve m -> 5],5,1,5,1,6.699,0,v5.0_a6_logic_wp300_cot,,,,,,,,,6549.00,11250.00,4701.00,117.53,E0,Qwen2.5-Math-1.5B-Instruct,Q6_K,0.0,1.0,1,42,20,v1.0-qwen-math,v5.0
hybrid_v5_cot300_20260222_200019,2026-02-22T20:00:23.748274,ALG_000007,deepmind_math,ALG,industry_tier1_40_v2,hybrid_v5_cot300,3,PT3_phi_chat,P3_numeric_context,sympy,A4(Primary route for ALG),0,Primary route for ALG,sympy,symbolic,1,1,0,0,,0,,[A4: ['5*m - 7 - 18 = 0'] solve m -> 5],5,1,5,1,6.685,0,v5.0_a6_logic_wp300_cot,,,,,,,,,6549.00,11250.00,4701.00,117.53,E0,Qwen2.5-Math-1.5B-Instruct,Q6_K,0.0,1.0,1,42,20,v1.0-qwen-math,v5.0
hybrid_v5_cot300_20260222_200019,2026-02-22T20:00:23.771201,ALG_000008,deepmind_math,ALG,industry_tier1_40_v2,hybrid_v5_cot300,1,PT3_phi_chat,P3_numeric_context,sympy,A4(Primary route for ALG),0,Primary route for ALG,sympy,symbolic,1,1,0,0,,0,,[A4: ['-554*z = -562*z - 24'] solve z -> -3],-3,1,-3,1,22.627,0,v5.0_a6_logic_wp300_cot,,,,,,,,,6549.00,11250.00,4701.00,117.53,E0,Qwen2.5-Math-1.5B-Instruct,Q6_K,0.0,1.0,1,42,20,v1.0-qwen-math,v5.0
hybrid_v5_cot300_20260222_200019,2026-02-22T20:00:23.887046,ALG_000008,deepmind_math,ALG,industry_tier1_40_v2,hybrid_v5_cot300,2,PT3_phi_chat,P3_numeric_context,sympy,A4(Primary route for ALG),0,Primary route for ALG,sympy,symbolic,1,1,0,0,,0,,[A4: ['-554*z = -562*z - 24'] solve z -> -3],-3,1,-3,1,15.411,0,v5.0_a6_logic_wp300_cot,,,,,,,,,6549.00,11250.00,4701.00,117.53,E0,Qwen2.5-Math-1.5B-Instruct,Q6_K,0.0,1.0,1,42,20,v1.0-qwen-math,v5.0
hybrid_v5_cot300_20260222_200019,2026-02-22T20:00:24.004918,ALG_000008,deepmind_math,ALG,industry_tier1_40_v2,hybrid_v5_cot300,3,PT3_phi_chat,P3_numeric_context,sympy,A4(Primary route for ALG),0,Primary route for ALG,sympy,symbolic,1,1,0,0,,0,,[A4: ['-554*z = -562*z - 24'] solve z -> -3],-3,1,-3,1,17.280,0,v5.0_a6_logic_wp300_cot,,,,,,,,,6549.00,11250.00,4701.00,117.53,E0,Qwen2.5-Math-1.5B-Instruct,Q6_K,0.0,1.0,1,42,20,v1.0-qwen-math,v5.0
hybrid_v5_cot300_20260222_200019,2026-02-22T20:00:24.098481,ALG_000009,deepmind_math,ALG,industry_tier1_40_v2,hybrid_v5_cot300,1,PT3_phi_chat,P3_numeric_context,sympy,A4(Primary route for ALG),0,Primary route for ALG,sympy,symbolic,1,1,0,0,,0,,"[A4: ['-2*m - 4*n = -4*m - 20', '-4*n + 20 = -m'] solve m -> 0]",0,1,0,1,93.093,0,v5.0_a6_logic_wp300_cot,,,,,,,,,6549.00,11250.00,4701.00,117.53,E0,Qwen2.5-Math-1.5B-Instruct,Q6_K,0.0,1.0,1,42,20,v1.0-qwen-math,v5.0
hybrid_v5_cot300_20260222_200019,2026-02-22T20:00:24.211057,ALG_000009,deepmind_math,ALG,industry_tier1_40_v2,hybrid_v5_cot300,2,PT3_phi_chat,P3_numeric_context,sympy,A4(Primary route for ALG),0,Primary route for ALG,sympy,symbolic,1,1,0,0,,0,,"[A4: ['-2*m - 4*n = -4*m - 20', '-4*n + 20 = -m'] solve m -> 0]",0,1,0,1,12.144,0,v5.0_a6_logic_wp300_cot,,,,,,,,,6549.00,11250.00,4701.00,117.53,E0,Qwen2.5-Math-1.5B-Instruct,Q6_K,0.0,1.0,1,42,20,v1.0-qwen-math,v5.0
hybrid_v5_cot300_20260222_200019,2026-02-22T20:00:24.323370,ALG_000009,deepmind_math,ALG,industry_tier1_40_v2,hybrid_v5_cot300,3,PT3_phi_chat,P3_numeric_context,sympy,A4(Primary route for ALG),0,Primary route for ALG,sympy,symbolic,1,1,0,0,,0,,"[A4: ['-2*m - 4*n = -4*m - 20', '-4*n + 20 = -m'] solve m -> 0]",0,1,0,1,11.955,0,v5.0_a6_logic_wp300_cot,,,,,,,,,6549.00,11250.00,4701.00,117.53,E0,Qwen2.5-Math-1.5B-Instruct,Q6_K,0.0,1.0,1,42,20,v1.0-qwen-math,v5.0
hybrid_v5_cot300_20260222_200019,2026-02-22T20:00:24.341533,ALG_000010,deepmind_math,ALG,industry_tier1_40_v2,hybrid_v5_cot300,1,PT3_phi_chat,P3_numeric_context,sympy,A4(Primary route for ALG),0,Primary route for ALG,sympy,symbolic,1,1,0,0,,0,,[A4: ['-9*f + 13*f = -28'] solve f -> -7],-7,1,-7,1,17.862,0,v5.0_a6_logic_wp300_cot,,,,,,,,,6549.00,11250.00,4701.00,117.53,E0,Qwen2.5-Math-1.5B-Instruct,Q6_K,0.0,1.0,1,42,20,v1.0-qwen-math,v5.0
hybrid_v5_cot300_20260222_200019,2026-02-22T20:00:24.448624,ALG_000010,deepmind_math,ALG,industry_tier1_40_v2,hybrid_v5_cot300,2,PT3_phi_chat,P3_numeric_context,sympy,A4(Primary route for ALG),0,Primary route for ALG,sympy,symbolic,1,1,0,0,,0,,[A4: ['-9*f + 13*f = -28'] solve f -> -7],-7,1,-7,1,6.504,0,v5.0_a6_logic_wp300_cot,,,,,,,,,6549.00,11250.00,4701.00,117.53,E0,Qwen2.5-Math-1.5B-Instruct,Q6_K,0.0,1.0,1,42,20,v1.0-qwen-math,v5.0
hybrid_v5_cot300_20260222_200019,2026-02-22T20:00:24.555572,ALG_000010,deepmind_math,ALG,industry_tier1_40_v2,hybrid_v5_cot300,3,PT3_phi_chat,P3_numeric_context,sympy,A4(Primary route for ALG),0,Primary route for ALG,sympy,symbolic,1,1,0,0,,0,,[A4: ['-9*f + 13*f = -28'] solve f -> -7],-7,1,-7,1,6.580,0,v5.0_a6_logic_wp300_cot,,,,,,,,,6549.00,11250.00,4701.00,117.53,E0,Qwen2.5-Math-1.5B-Instruct,Q6_K,0.0,1.0,1,42,20,v1.0-qwen-math,v5.0
hybrid_v5_cot300_20260222_200019,2026-02-22T20:01:36.730282,WP_000001,gsm8k,WP,industry_tier1_40_v2,hybrid_v5_cot300,1,PT3_phi_chat,P3_numeric_context,llm_cot,A2(Primary route for WP),0,Primary route for WP,llm_cot,extended,0,0,0,0,,0,,"To solve the problem, we need to determine how many chocolate bars each child will get after distributing the chocolate bars according to the given conditions.\n\nFirst, let's calculate the total number of chocolate bars available. Since there are 8 packets and each packet contains 5 chocolate bars, the total number of chocolate bars is:\n\[ 8 \times 5 = 40 \]\n\nNext, we know that each of the 4 adults gets 6 chocolate bars. Therefore, the total number of chocolate bars given to the adults is:\n",2,1,2,1,72173.814,0,v5.0_a6_logic_wp300_cot,200,action_cap,,,,,,,6549.00,11250.00,4701.00,117.53,E0,Qwen2.5-Math-1.5B-Instruct,Q6_K,0.0,1.0,1,42,20,v1.0-qwen-math,v5.0
hybrid_v5_cot300_20260222_200019,2026-02-22T20:02:48.943248,WP_000001,gsm8k,WP,industry_tier1_40_v2,hybrid_v5_cot300,2,PT3_phi_chat,P3_numeric_context,llm_cot,A2(Primary route for WP),0,Primary route for WP,llm_cot,extended,0,0,0,0,,0,,"To solve the problem, we need to determine how many chocolate bars each child will get after distributing the chocolate bars according to the given conditions.\n\nFirst, let's calculate the total number of chocolate bars available. Since there are 8 packets and each packet contains 5 chocolate bars, the total number of chocolate bars is:\n\[ 8 \times 5 = 40 \]\n\nNext, we know that each of the 4 adults gets 6 chocolate bars. Therefore, the total number of chocolate bars given to the adults is:\n",2,1,2,1,72112.319,0,v5.0_a6_logic_wp300_cot,200,action_cap,,,,,,,6549.00,11250.00,4701.00,117.53,E0,Qwen2.5-Math-1.5B-Instruct,Q6_K,0.0,1.0,1,42,20,v1.0-qwen-math,v5.0
hybrid_v5_cot300_20260222_200019,2026-02-22T20:04:01.257503,WP_000001,gsm8k,WP,industry_tier1_40_v2,hybrid_v5_cot300,3,PT3_phi_chat,P3_numeric_context,llm_cot,A2(Primary route for WP),0,Primary route for WP,llm_cot,extended,0,0,0,0,,0,,"To solve the problem, we need to determine how many chocolate bars each child will get after distributing the chocolate bars according to the given conditions.\n\nFirst, let's calculate the total number of chocolate bars available. Since there are 8 packets and each packet contains 5 chocolate bars, the total number of chocolate bars is:\n\[ 8 \times 5 = 40 \]\n\nNext, we know that each of the 4 adults gets 6 chocolate bars. Therefore, the total number of chocolate bars given to the adults is:\n",2,1,2,1,72213.641,0,v5.0_a6_logic_wp300_cot,200,action_cap,,,,,,,6549.00,11250.00,4701.00,117.53,E0,Qwen2.5-Math-1.5B-Instruct,Q6_K,0.0,1.0,1,42,20,v1.0-qwen-math,v5.0
hybrid_v5_cot300_20260222_200019,2026-02-22T20:05:59.000644,WP_000002,gsm8k,WP,industry_tier1_40_v2,hybrid_v5_cot300,1,PT3_phi_chat,P3_numeric_context,llm_cot,A2(Primary route for WP),0,Primary route for WP,llm_cot,extended,0,0,0,0,,0,,"To determine how much Jean paid for her makeup, we need to follow these steps:\n\n1. Calculate the total number of hours of makeup work Jean does in a week.\n2. Calculate the total number of hours of makeup work Jean does in 5 weeks.\n3. Calculate the total cost of the makeup before the discount.\n4. Apply the 10% discount to the total cost.\n5. Determine the final amount Jean paid.\n\nLet's go through each step in detail:\n\n1. Calculate the total number of hours of makeup work Jean does in a w",30000,1,27000,0,117741.730,0,v5.0_a6_logic_wp300_cot,200,action_cap,,,,,,,6549.00,11250.00,4701.00,117.53,E5,Qwen2.5-Math-1.5B-Instruct,Q6_K,0.0,1.0,1,42,20,v1.0-qwen-math,v5.0
hybrid_v5_cot300_20260222_200019,2026-02-22T20:07:44.414898,WP_000002,gsm8k,WP,industry_tier1_40_v2,hybrid_v5_cot300,2,PT3_phi_chat,P3_numeric_context,llm_cot,A2(Primary route for WP),0,Primary route for WP,llm_cot,extended,0,0,0,0,,0,,"To determine how much Jean paid for her makeup, we need to follow these steps:\n\n1. Calculate the total number of hours of makeup work Jean does in a week.\n2. Calculate the total number of hours of makeup work Jean does in 5 weeks.\n3. Calculate the total cost of the makeup before the discount.\n4. Apply the 10% discount to the total cost.\n5. Determine the final amount Jean paid.\n\nLet's go through each step in detail:\n\n1. Calculate the total number of hours of makeup work Jean does in a w",30000,1,27000,0,105313.470,0,v5.0_a6_logic_wp300_cot,200,action_cap,,,,,,,6549.00,11250.00,4701.00,117.53,E5,Qwen2.5-Math-1.5B-Instruct,Q6_K,0.0,1.0,1,42,20,v1.0-qwen-math,v5.0
hybrid_v5_cot300_20260222_200019,2026-02-22T20:09:29.788178,WP_000002,gsm8k,WP,industry_tier1_40_v2,hybrid_v5_cot300,3,PT3_phi_chat,P3_numeric_context,llm_cot,A2(Primary route for WP),0,Primary route for WP,llm_cot,extended,0,0,0,0,,0,,"To determine how much Jean paid for her makeup, we need to follow these steps:\n\n1. Calculate the total number of hours of makeup work Jean does in a week.\n2. Calculate the total number of hours of makeup work Jean does in 5 weeks.\n3. Calculate the total cost of the makeup before the discount.\n4. Apply the 10% discount to the total cost.\n5. Determine the final amount Jean paid.\n\nLet's go through each step in detail:\n\n1. Calculate the total number of hours of makeup work Jean does in a w",30000,1,27000,0,105272.579,0,v5.0_a6_logic_wp300_cot,200,action_cap,,,,,,,6549.00,11250.00,4701.00,117.53,E5,Qwen2.5-Math-1.5B-Instruct,Q6_K,0.0,1.0,1,42,20,v1.0-qwen-math,v5.0
hybrid_v5_cot300_20260222_200019,2026-02-22T20:11:43.383242,WP_000003,gsm8k,WP,industry_tier1_40_v2,hybrid_v5_cot300,1,PT3_phi_chat,P3_numeric_context,llm_cot,A2(Primary route for WP) -> A3(Fallback from A2 due to parse_failure),2,Primary route for WP,llm_cot,repair,0,0,1,0,parse_failure,951,A2,"Let's denote the initial number of vacuum cleaners Melanie had as \( x \).\n\nFirst, Melanie sold a third of her vacuum cleaners at the green house. So, she sold \( \frac{x}{3} \) vacuum cleaners at the green house. The number of vacuum cleaners left after the green house is:\n\[ x - \frac{x}{3} = \frac{2x}{3} \]\n\nNext, she sold 2 more vacuum cleaners at the red house. So, the number of vacuum cleaners left after the red house is:\n\[ \frac{2x}{3} - 2 \]\n\nThen, she sold half of what was left",,0,18,0,133593.015,0,v5.0_a6_logic_wp300_cot,200,action_cap,,,,,,,6549.00,11250.00,4701.00,117.53,E8,Qwen2.5-Math-1.5B-Instruct,Q6_K,0.0,1.0,1,42,20,v1.0-qwen-math,v5.0
hybrid_v5_cot300_20260222_200019,2026-02-22T20:13:34.164996,WP_000003,gsm8k,WP,industry_tier1_40_v2,hybrid_v5_cot300,2,PT3_phi_chat,P3_numeric_context,llm_cot,A2(Primary route for WP) -> A3(Fallback from A2 due to parse_failure),2,Primary route for WP,llm_cot,repair,0,0,1,0,parse_failure,951,A2,"Let's denote the initial number of vacuum cleaners Melanie had as \( x \).\n\nFirst, Melanie sold a third of her vacuum cleaners at the green house. So, she sold \( \frac{x}{3} \) vacuum cleaners at the green house. The number of vacuum cleaners left after the green house is:\n\[ x - \frac{x}{3} = \frac{2x}{3} \]\n\nNext, she sold 2 more vacuum cleaners at the red house. So, the number of vacuum cleaners left after the red house is:\n\[ \frac{2x}{3} - 2 \]\n\nThen, she sold half of what was left",,0,18,0,110680.197,0,v5.0_a6_logic_wp300_cot,200,action_cap,,,,,,,6549.00,11250.00,4701.00,117.53,E8,Qwen2.5-Math-1.5B-Instruct,Q6_K,0.0,1.0,1,42,20,v1.0-qwen-math,v5.0
hybrid_v5_cot300_20260222_200019,2026-02-22T20:15:26.909954,WP_000003,gsm8k,WP,industry_tier1_40_v2,hybrid_v5_cot300,3,PT3_phi_chat,P3_numeric_context,llm_cot,A2(Primary route for WP) -> A3(Fallback from A2 due to parse_failure),2,Primary route for WP,llm_cot,repair,0,0,1,0,parse_failure,951,A2,"Let's denote the initial number of vacuum cleaners Melanie had as \( x \).\n\nFirst, Melanie sold a third of her vacuum cleaners at the green house. So, she sold \( \frac{x}{3} \) vacuum cleaners at the green house. The number of vacuum cleaners left after the green house is:\n\[ x - \frac{x}{3} = \frac{2x}{3} \]\n\nNext, she sold 2 more vacuum cleaners at the red house. So, the number of vacuum cleaners left after the red house is:\n\[ \frac{2x}{3} - 2 \]\n\nThen, she sold half of what was left",,0,18,0,112643.461,0,v5.0_a6_logic_wp300_cot,200,action_cap,,,,,,,6549.00,11250.00,4701.00,117.53,E8,Qwen2.5-Math-1.5B-Instruct,Q6_K,0.0,1.0,1,42,20,v1.0-qwen-math,v5.0
hybrid_v5_cot300_20260222_200019,2026-02-22T20:17:22.177420,WP_000004,gsm8k,WP,industry_tier1_40_v2,hybrid_v5_cot300,1,PT3_phi_chat,P3_numeric_context,llm_cot,A2(Primary route for WP),0,Primary route for WP,llm_cot,extended,0,0,0,0,,0,,"To determine how much farther the bus traveled compared to the car, we need to calculate the distance each vehicle traveled and then find the difference between these distances.\n\nFirst, let's calculate the distance traveled by the bus:\n- The bus travels at a speed of 60 miles per hour.\n- The bus travels for 5 hours.\n- Distance traveled by the bus is given by the formula: \(\text{Distance} = \text{Speed} \times \text{Time}\).\n\n\[\n\text{Distance}_{\text{bus}} = 60 \, \text{miles/hour} \tim",240,1,60,0,115266.840,0,v5.0_a6_logic_wp300_cot,200,action_cap,,,,,,,6549.00,11250.00,4701.00,117.53,E5,Qwen2.5-Math-1.5B-Instruct,Q6_K,0.0,1.0,1,42,20,v1.0-qwen-math,v5.0
hybrid_v5_cot300_20260222_200019,2026-02-22T20:19:11.151773,WP_000004,gsm8k,WP,industry_tier1_40_v2,hybrid_v5_cot300,2,PT3_phi_chat,P3_numeric_context,llm_cot,A2(Primary route for WP),0,Primary route for WP,llm_cot,extended,0,0,0,0,,0,,"To determine how much farther the bus traveled compared to the car, we need to calculate the distance each vehicle traveled and then find the difference between these distances.\n\nFirst, let's calculate the distance traveled by the bus:\n- The bus travels at a speed of 60 miles per hour.\n- The bus travels for 5 hours.\n- Distance traveled by the bus is given by the formula: \(\text{Distance} = \text{Speed} \times \text{Time}\).\n\n\[\n\text{Distance}_{\text{bus}} = 60 \, \text{miles/hour} \tim",240,1,60,0,108873.656,0,v5.0_a6_logic_wp300_cot,200,action_cap,,,,,,,6549.00,11250.00,4701.00,117.53,E5,Qwen2.5-Math-1.5B-Instruct,Q6_K,0.0,1.0,1,42,20,v1.0-qwen-math,v5.0
hybrid_v5_cot300_20260222_200019,2026-02-22T20:21:00.182103,WP_000004,gsm8k,WP,industry_tier1_40_v2,hybrid_v5_cot300,3,PT3_phi_chat,P3_numeric_context,llm_cot,A2(Primary route for WP),0,Primary route for WP,llm_cot,extended,0,0,0,0,,0,,"To determine how much farther the bus traveled compared to the car, we need to calculate the distance each vehicle traveled and then find the difference between these distances.\n\nFirst, let's calculate the distance traveled by the bus:\n- The bus travels at a speed of 60 miles per hour.\n- The bus travels for 5 hours.\n- Distance traveled by the bus is given by the formula: \(\text{Distance} = \text{Speed} \times \text{Time}\).\n\n\[\n\text{Distance}_{\text{bus}} = 60 \, \text{miles/hour} \tim",240,1,60,0,108929.526,0,v5.0_a6_logic_wp300_cot,200,action_cap,,,,,,,6549.00,11250.00,4701.00,117.53,E5,Qwen2.5-Math-1.5B-Instruct,Q6_K,0.0,1.0,1,42,20,v1.0-qwen-math,v5.0
hybrid_v5_cot300_20260222_200019,2026-02-22T20:22:58.613599,WP_000005,gsm8k,WP,industry_tier1_40_v2,hybrid_v5_cot300,1,PT3_phi_chat,P3_numeric_context,llm_cot,A2(Primary route for WP),0,Primary route for WP,llm_cot,extended,0,0,0,0,,0,,"To determine the total amount of chocolate pounds Ruiz and Marissa made together in 12 hours, we need to follow these steps:\n\n1. Calculate the rate at which Ruiz makes chocolates per hour.\n2. Determine the rate at which Marissa makes chocolates per hour.\n3. Calculate the total amount of chocolates made by each in 12 hours.\n4. Sum the amounts made by Ruiz and Marissa.\n\nFirst, let's find out how much chocolate Ruiz makes per hour. Since Ruiz can make 120 pounds of chocolates in two hours, h",45,1,1800,0,118430.840,0,v5.0_a6_logic_wp300_cot,200,action_cap,,,,,,,6549.00,11250.00,4701.00,117.53,E5,Qwen2.5-Math-1.5B-Instruct,Q6_K,0.0,1.0,1,42,20,v1.0-qwen-math,v5.0
hybrid_v5_cot300_20260222_200019,2026-02-22T20:24:48.338912,WP_000005,gsm8k,WP,industry_tier1_40_v2,hybrid_v5_cot300,2,PT3_phi_chat,P3_numeric_context,llm_cot,A2(Primary route for WP),0,Primary route for WP,llm_cot,extended,0,0,0,0,,0,,"To determine the total amount of chocolate pounds Ruiz and Marissa made together in 12 hours, we need to follow these steps:\n\n1. Calculate the rate at which Ruiz makes chocolates per hour.\n2. Determine the rate at which Marissa makes chocolates per hour.\n3. Calculate the total amount of chocolates made by each in 12 hours.\n4. Sum the amounts made by Ruiz and Marissa.\n\nFirst, let's find out how much chocolate Ruiz makes per hour. Since Ruiz can make 120 pounds of chocolates in two hours, h",45,1,1800,0,109624.487,0,v5.0_a6_logic_wp300_cot,200,action_cap,,,,,,,6549.00,11250.00,4701.00,117.53,E5,Qwen2.5-Math-1.5B-Instruct,Q6_K,0.0,1.0,1,42,20,v1.0-qwen-math,v5.0
hybrid_v5_cot300_20260222_200019,2026-02-22T20:26:37.685707,WP_000005,gsm8k,WP,industry_tier1_40_v2,hybrid_v5_cot300,3,PT3_phi_chat,P3_numeric_context,llm_cot,A2(Primary route for WP),0,Primary route for WP,llm_cot,extended,0,0,0,0,,0,,"To determine the total amount of chocolate pounds Ruiz and Marissa made together in 12 hours, we need to follow these steps:\n\n1. Calculate the rate at which Ruiz makes chocolates per hour.\n2. Determine the rate at which Marissa makes chocolates per hour.\n3. Calculate the total amount of chocolates made by each in 12 hours.\n4. Sum the amounts made by Ruiz and Marissa.\n\nFirst, let's find out how much chocolate Ruiz makes per hour. Since Ruiz can make 120 pounds of chocolates in two hours, h",45,1,1800,0,109246.089,0,v5.0_a6_logic_wp300_cot,200,action_cap,,,,,,,6549.00,11250.00,4701.00,117.53,E5,Qwen2.5-Math-1.5B-Instruct,Q6_K,0.0,1.0,1,42,20,v1.0-qwen-math,v5.0
hybrid_v5_cot300_20260222_200019,2026-02-22T20:28:40.495962,WP_000006,gsm8k,WP,industry_tier1_40_v2,hybrid_v5_cot300,1,PT3_phi_chat,P3_numeric_context,llm_cot,A2(Primary route for WP),0,Primary route for WP,llm_cot,extended,0,0,0,0,,0,,"To determine the total cost of the senior gifts, we need to break down the costs step by step.\n\n1. **Calculate the cost of the picture frames:**\n   - Each picture frame costs $20.\n   - There are 44 seniors, so the total cost for the picture frames is:\n     \[\n     44 \times 20 = 880\n     \]\n\n2. **Calculate the additional cost for etheding the picture frames:**\n   - The etch cost is 20% of the frame cost, which is:\n     \[\n     20 \times 0.20 = 4\n     \]\n   - Therefore, the total co",11,1,1198,0,122809.482,0,v5.0_a6_logic_wp300_cot,200,action_cap,,,,,,,6549.00,11250.00,4701.00,117.53,E5,Qwen2.5-Math-1.5B-Instruct,Q6_K,0.0,1.0,1,42,20,v1.0-qwen-math,v5.0
hybrid_v5_cot300_20260222_200019,2026-02-22T20:30:30.237641,WP_000006,gsm8k,WP,industry_tier1_40_v2,hybrid_v5_cot300,2,PT3_phi_chat,P3_numeric_context,llm_cot,A2(Primary route for WP),0,Primary route for WP,llm_cot,extended,0,0,0,0,,0,,"To determine the total cost of the senior gifts, we need to break down the costs step by step.\n\n1. **Calculate the cost of the picture frames:**\n   - Each picture frame costs $20.\n   - There are 44 seniors, so the total cost for the picture frames is:\n     \[\n     44 \times 20 = 880\n     \]\n\n2. **Calculate the additional cost for etheding the picture frames:**\n   - The etch cost is 20% of the frame cost, which is:\n     \[\n     20 \times 0.20 = 4\n     \]\n   - Therefore, the total co",11,1,1198,0,109640.961,0,v5.0_a6_logic_wp300_cot,200,action_cap,,,,,,,6549.00,11250.00,4701.00,117.53,E5,Qwen2.5-Math-1.5B-Instruct,Q6_K,0.0,1.0,1,42,20,v1.0-qwen-math,v5.0
hybrid_v5_cot300_20260222_200019,2026-02-22T20:32:19.836720,WP_000006,gsm8k,WP,industry_tier1_40_v2,hybrid_v5_cot300,3,PT3_phi_chat,P3_numeric_context,llm_cot,A2(Primary route for WP),0,Primary route for WP,llm_cot,extended,0,0,0,0,,0,,"To determine the total cost of the senior gifts, we need to break down the costs step by step.\n\n1. **Calculate the cost of the picture frames:**\n   - Each picture frame costs $20.\n   - There are 44 seniors, so the total cost for the picture frames is:\n     \[\n     44 \times 20 = 880\n     \]\n\n2. **Calculate the additional cost for etheding the picture frames:**\n   - The etch cost is 20% of the frame cost, which is:\n     \[\n     20 \times 0.20 = 4\n     \]\n   - Therefore, the total co",11,1,1198,0,109498.368,0,v5.0_a6_logic_wp300_cot,200,action_cap,,,,,,,6549.00,11250.00,4701.00,117.53,E5,Qwen2.5-Math-1.5B-Instruct,Q6_K,0.0,1.0,1,42,20,v1.0-qwen-math,v5.0
hybrid_v5_cot300_20260222_200019,2026-02-22T20:33:26.148825,WP_000007,gsm8k,WP,industry_tier1_40_v2,hybrid_v5_cot300,1,PT3_phi_chat,P3_numeric_context,llm_cot,A2(Primary route for WP),0,Primary route for WP,llm_cot,extended,0,0,0,0,,0,,"To determine how much money Jack has after receiving money from Sophia, we need to follow these steps:\n\n1. Calculate how much money Sophia gave to Jack.\n2. Add the amount Sophia gave to Jack's original amount of money.\n\nFirst, let's find out how much money Sophia gave to Jack. Sophia gave Jack \(\frac{1}{5}\) of her $100. We can calculate this as follows:\n\[\n\frac{1}{5} \times 100 = 20\n\]\nSo, Sophia gave Jack $20.\n\nNext, we add the $20 that Sophia gave to Jack's original $100:\n\[\n10",120,1,120,1,66311.574,0,v5.0_a6_logic_wp300_cot,200,action_cap,,,,,,,6549.00,11250.00,4701.00,117.53,E0,Qwen2.5-Math-1.5B-Instruct,Q6_K,0.0,1.0,1,42,20,v1.0-qwen-math,v5.0
hybrid_v5_cot300_20260222_200019,2026-02-22T20:34:28.080052,WP_000007,gsm8k,WP,industry_tier1_40_v2,hybrid_v5_cot300,2,PT3_phi_chat,P3_numeric_context,llm_cot,A2(Primary route for WP),0,Primary route for WP,llm_cot,extended,0,0,0,0,,0,,"To determine how much money Jack has after receiving money from Sophia, we need to follow these steps:\n\n1. Calculate how much money Sophia gave to Jack.\n2. Add the amount Sophia gave to Jack's original amount of money.\n\nFirst, let's find out how much money Sophia gave to Jack. Sophia gave Jack \(\frac{1}{5}\) of her $100. We can calculate this as follows:\n\[\n\frac{1}{5} \times 100 = 20\n\]\nSo, Sophia gave Jack $20.\n\nNext, we add the $20 that Sophia gave to Jack's original $100:\n\[\n10",120,1,120,1,61830.604,0,v5.0_a6_logic_wp300_cot,200,action_cap,,,,,,,6549.00,11250.00,4701.00,117.53,E0,Qwen2.5-Math-1.5B-Instruct,Q6_K,0.0,1.0,1,42,20,v1.0-qwen-math,v5.0
hybrid_v5_cot300_20260222_200019,2026-02-22T20:35:29.948188,WP_000007,gsm8k,WP,industry_tier1_40_v2,hybrid_v5_cot300,3,PT3_phi_chat,P3_numeric_context,llm_cot,A2(Primary route for WP),0,Primary route for WP,llm_cot,extended,0,0,0,0,,0,,"To determine how much money Jack has after receiving money from Sophia, we need to follow these steps:\n\n1. Calculate how much money Sophia gave to Jack.\n2. Add the amount Sophia gave to Jack's original amount of money.\n\nFirst, let's find out how much money Sophia gave to Jack. Sophia gave Jack \(\frac{1}{5}\) of her $100. We can calculate this as follows:\n\[\n\frac{1}{5} \times 100 = 20\n\]\nSo, Sophia gave Jack $20.\n\nNext, we add the $20 that Sophia gave to Jack's original $100:\n\[\n10",120,1,120,1,61767.534,0,v5.0_a6_logic_wp300_cot,200,action_cap,,,,,,,6549.00,11250.00,4701.00,117.53,E0,Qwen2.5-Math-1.5B-Instruct,Q6_K,0.0,1.0,1,42,20,v1.0-qwen-math,v5.0
hybrid_v5_cot300_20260222_200019,2026-02-22T20:37:32.225668,WP_000008,gsm8k,WP,industry_tier1_40_v2,hybrid_v5_cot300,1,PT3_phi_chat,P3_numeric_context,llm_cot,A2(Primary route for WP),0,Primary route for WP,llm_cot,extended,0,0,0,0,,0,,"To determine the total time Grandma spends walking the 3-mile trail, we need to break down her walk into two segments: the beach and the sidewalk. We know that she spends 40 minutes walking on the beach and that she walks at twice the rate of speed on the sidewalk compared to the beach.\n\nFirst, let's find Grandma's walking speed on the beach. Let \( v \) be her walking speed on the beach in miles per minute. Since she walks 2 miles on the beach in 40 minutes, we can write the equation:\n\[\n2 ",1,1,50,0,122276.844,0,v5.0_a6_logic_wp300_cot,200,action_cap,,,,,,,6549.00,11250.00,4701.00,117.53,E5,Qwen2.5-Math-1.5B-Instruct,Q6_K,0.0,1.0,1,42,20,v1.0-qwen-math,v5.0
hybrid_v5_cot300_20260222_200019,2026-02-22T20:39:21.920200,WP_000008,gsm8k,WP,industry_tier1_40_v2,hybrid_v5_cot300,2,PT3_phi_chat,P3_numeric_context,llm_cot,A2(Primary route for WP),0,Primary route for WP,llm_cot,extended,0,0,0,0,,0,,"To determine the total time Grandma spends walking the 3-mile trail, we need to break down her walk into two segments: the beach and the sidewalk. We know that she spends 40 minutes walking on the beach and that she walks at twice the rate of speed on the sidewalk compared to the beach.\n\nFirst, let's find Grandma's walking speed on the beach. Let \( v \) be her walking speed on the beach in miles per minute. Since she walks 2 miles on the beach in 40 minutes, we can write the equation:\n\[\n2 ",1,1,50,0,109593.814,0,v5.0_a6_logic_wp300_cot,200,action_cap,,,,,,,6549.00,11250.00,4701.00,117.53,E5,Qwen2.5-Math-1.5B-Instruct,Q6_K,0.0,1.0,1,42,20,v1.0-qwen-math,v5.0
hybrid_v5_cot300_20260222_200019,2026-02-22T20:41:11.654725,WP_000008,gsm8k,WP,industry_tier1_40_v2,hybrid_v5_cot300,3,PT3_phi_chat,P3_numeric_context,llm_cot,A2(Primary route for WP),0,Primary route for WP,llm_cot,extended,0,0,0,0,,0,,"To determine the total time Grandma spends walking the 3-mile trail, we need to break down her walk into two segments: the beach and the sidewalk. We know that she spends 40 minutes walking on the beach and that she walks at twice the rate of speed on the sidewalk compared to the beach.\n\nFirst, let's find Grandma's walking speed on the beach. Let \( v \) be her walking speed on the beach in miles per minute. Since she walks 2 miles on the beach in 40 minutes, we can write the equation:\n\[\n2 ",1,1,50,0,109633.757,0,v5.0_a6_logic_wp300_cot,200,action_cap,,,,,,,6549.00,11250.00,4701.00,117.53,E5,Qwen2.5-Math-1.5B-Instruct,Q6_K,0.0,1.0,1,42,20,v1.0-qwen-math,v5.0
hybrid_v5_cot300_20260222_200019,2026-02-22T20:43:12.160740,WP_000009,gsm8k,WP,industry_tier1_40_v2,hybrid_v5_cot300,1,PT3_phi_chat,P3_numeric_context,llm_cot,A2(Primary route for WP),0,Primary route for WP,llm_cot,extended,0,0,0,0,,0,,"To determine how many tennis balls Rory retrieved in the first set, we need to set up equations based on the information given and solve them step by step.\n\nLet's define the number of tennis balls Rory retrieved in the second set as \( x \).\n\nFrom the problem, we know:\n1. In the first set, Rory retrieved 4 more balls than in the second set. Therefore, the number of balls retrieved in the first set is \( x + 4 \).\n2. In the third set, Rory retrieved half as many balls as in the second set. ",19,1,10,0,120505.382,0,v5.0_a6_logic_wp300_cot,200,action_cap,,,,,,,6549.00,11250.00,4701.00,117.53,E5,Qwen2.5-Math-1.5B-Instruct,Q6_K,0.0,1.0,1,42,20,v1.0-qwen-math,v5.0
hybrid_v5_cot300_20260222_200019,2026-02-22T20:45:02.200359,WP_000009,gsm8k,WP,industry_tier1_40_v2,hybrid_v5_cot300,2,PT3_phi_chat,P3_numeric_context,llm_cot,A2(Primary route for WP),0,Primary route for WP,llm_cot,extended,0,0,0,0,,0,,"To determine how many tennis balls Rory retrieved in the first set, we need to set up equations based on the information given and solve them step by step.\n\nLet's define the number of tennis balls Rory retrieved in the second set as \( x \).\n\nFrom the problem, we know:\n1. In the first set, Rory retrieved 4 more balls than in the second set. Therefore, the number of balls retrieved in the first set is \( x + 4 \).\n2. In the third set, Rory retrieved half as many balls as in the second set. ",19,1,10,0,109938.824,0,v5.0_a6_logic_wp300_cot,200,action_cap,,,,,,,6549.00,11250.00,4701.00,117.53,E5,Qwen2.5-Math-1.5B-Instruct,Q6_K,0.0,1.0,1,42,20,v1.0-qwen-math,v5.0
hybrid_v5_cot300_20260222_200019,2026-02-22T20:46:52.676435,WP_000009,gsm8k,WP,industry_tier1_40_v2,hybrid_v5_cot300,3,PT3_phi_chat,P3_numeric_context,llm_cot,A2(Primary route for WP),0,Primary route for WP,llm_cot,extended,0,0,0,0,,0,,"To determine how many tennis balls Rory retrieved in the first set, we need to set up equations based on the information given and solve them step by step.\n\nLet's define the number of tennis balls Rory retrieved in the second set as \( x \).\n\nFrom the problem, we know:\n1. In the first set, Rory retrieved 4 more balls than in the second set. Therefore, the number of balls retrieved in the first set is \( x + 4 \).\n2. In the third set, Rory retrieved half as many balls as in the second set. ",19,1,10,0,110375.118,0,v5.0_a6_logic_wp300_cot,200,action_cap,,,,,,,6549.00,11250.00,4701.00,117.53,E5,Qwen2.5-Math-1.5B-Instruct,Q6_K,0.0,1.0,1,42,20,v1.0-qwen-math,v5.0
hybrid_v5_cot300_20260222_200019,2026-02-22T20:48:55.797373,WP_000010,gsm8k,WP,industry_tier1_40_v2,hybrid_v5_cot300,1,PT3_phi_chat,P3_numeric_context,llm_cot,A2(Primary route for WP),0,Primary route for WP,llm_cot,extended,0,0,0,0,,0,,"To determine the total time John spent on his trip, we need to calculate the time taken for each segment of his journey separately and then sum these times.\n\nFirst, let's calculate the time taken for John to drive to his friend's house. The distance to his friend's house is 200 miles, but he had to take a detour that added 10 miles, making the total distance 210 miles. He drives at a speed of 70 mph. The time taken for this part of the trip is given by the formula:\n\n\[\n\text{Time} = \frac{\",3,1,6,0,123120.310,0,v5.0_a6_logic_wp300_cot,200,action_cap,,,,,,,6549.00,11250.00,4701.00,117.53,E5,Qwen2.5-Math-1.5B-Instruct,Q6_K,0.0,1.0,1,42,20,v1.0-qwen-math,v5.0
hybrid_v5_cot300_20260222_200019,2026-02-22T20:50:47.296622,WP_000010,gsm8k,WP,industry_tier1_40_v2,hybrid_v5_cot300,2,PT3_phi_chat,P3_numeric_context,llm_cot,A2(Primary route for WP),0,Primary route for WP,llm_cot,extended,0,0,0,0,,0,,"To determine the total time John spent on his trip, we need to calculate the time taken for each segment of his journey separately and then sum these times.\n\nFirst, let's calculate the time taken for John to drive to his friend's house. The distance to his friend's house is 200 miles, but he had to take a detour that added 10 miles, making the total distance 210 miles. He drives at a speed of 70 mph. The time taken for this part of the trip is given by the formula:\n\n\[\n\text{Time} = \frac{\",3,1,6,0,111398.423,0,v5.0_a6_logic_wp300_cot,200,action_cap,,,,,,,6549.00,11250.00,4701.00,117.53,E5,Qwen2.5-Math-1.5B-Instruct,Q6_K,0.0,1.0,1,42,20,v1.0-qwen-math,v5.0
hybrid_v5_cot300_20260222_200019,2026-02-22T20:52:37.317669,WP_000010,gsm8k,WP,industry_tier1_40_v2,hybrid_v5_cot300,3,PT3_phi_chat,P3_numeric_context,llm_cot,A2(Primary route for WP),0,Primary route for WP,llm_cot,extended,0,0,0,0,,0,,"To determine the total time John spent on his trip, we need to calculate the time taken for each segment of his journey separately and then sum these times.\n\nFirst, let's calculate the time taken for John to drive to his friend's house. The distance to his friend's house is 200 miles, but he had to take a detour that added 10 miles, making the total distance 210 miles. He drives at a speed of 70 mph. The time taken for this part of the trip is given by the formula:\n\n\[\n\text{Time} = \frac{\",3,1,6,0,109920.299,0,v5.0_a6_logic_wp300_cot,200,action_cap,,,,,,,6549.00,11250.00,4701.00,117.53,E5,Qwen2.5-Math-1.5B-Instruct,Q6_K,0.0,1.0,1,42,20,v1.0-qwen-math,v5.0
hybrid_v5_cot300_20260222_200019,2026-02-22T20:52:37.329137,LOG_000001,ruletaker,LOG,industry_tier1_40_v2,hybrid_v5_cot300,1,PT3_phi_chat,P3_numeric_context,logic_symbolic,A6(Primary route for LOG),0,Primary route for LOG,logic_symbolic,logic_symbolic,1,0,0,0,,0,,"[A6: Yes] Initial: 7 facts, 9 rules, 4 entities\nDerived: 12 new facts\n  + Fact(prop, ('cat', 'big'))\n  + Fact(prop, ('cat', 'green'))\n  + Fact(prop, ('cat', 'kind'))\n  + Fact(prop, ('squirrel', 'kind'))\n  + Fac",Yes,1,Yes,1,11.147,0,v5.0_a6_logic_wp300_cot,0,none,1,7,9,19,forward_chain,ruletaker,6549.00,11250.00,4701.00,117.53,E0,Qwen2.5-Math-1.5B-Instruct,Q6_K,0.0,1.0,1,42,20,v1.0-qwen-math,v5.0
hybrid_v5_cot300_20260222_200019,2026-02-22T20:52:37.431560,LOG_000001,ruletaker,LOG,industry_tier1_40_v2,hybrid_v5_cot300,2,PT3_phi_chat,P3_numeric_context,logic_symbolic,A6(Primary route for LOG),0,Primary route for LOG,logic_symbolic,logic_symbolic,1,0,0,0,,0,,"[A6: Yes] Initial: 7 facts, 9 rules, 4 entities\nDerived: 12 new facts\n  + Fact(prop, ('cat', 'big'))\n  + Fact(prop, ('cat', 'green'))\n  + Fact(prop, ('cat', 'kind'))\n  + Fact(prop, ('squirrel', 'kind'))\n  + Fac",Yes,1,Yes,1,2.006,0,v5.0_a6_logic_wp300_cot,0,none,1,7,9,19,forward_chain,ruletaker,6549.00,11250.00,4701.00,117.53,E0,Qwen2.5-Math-1.5B-Instruct,Q6_K,0.0,1.0,1,42,20,v1.0-qwen-math,v5.0
hybrid_v5_cot300_20260222_200019,2026-02-22T20:52:37.533863,LOG_000001,ruletaker,LOG,industry_tier1_40_v2,hybrid_v5_cot300,3,PT3_phi_chat,P3_numeric_context,logic_symbolic,A6(Primary route for LOG),0,Primary route for LOG,logic_symbolic,logic_symbolic,1,0,0,0,,0,,"[A6: Yes] Initial: 7 facts, 9 rules, 4 entities\nDerived: 12 new facts\n  + Fact(prop, ('cat', 'big'))\n  + Fact(prop, ('cat', 'green'))\n  + Fact(prop, ('cat', 'kind'))\n  + Fact(prop, ('squirrel', 'kind'))\n  + Fac",Yes,1,Yes,1,1.906,0,v5.0_a6_logic_wp300_cot,0,none,1,7,9,19,forward_chain,ruletaker,6549.00,11250.00,4701.00,117.53,E0,Qwen2.5-Math-1.5B-Instruct,Q6_K,0.0,1.0,1,42,20,v1.0-qwen-math,v5.0
hybrid_v5_cot300_20260222_200019,2026-02-22T20:52:37.537047,LOG_000002,ruletaker,LOG,industry_tier1_40_v2,hybrid_v5_cot300,1,PT3_phi_chat,P3_numeric_context,logic_symbolic,A6(Primary route for LOG),0,Primary route for LOG,logic_symbolic,logic_symbolic,1,0,0,0,,0,,"[A6: Yes] Initial: 15 facts, 3 rules, 3 entities\nDerived: 2 new facts\n  + Fact(rel, ('mouse', 'chase', 'mouse'))\n  + Fact(rel, ('mouse', 'like', 'mouse'))\nQuery: Query(negated=False, rel, ('dog', 'chase', 'mous",Yes,1,Yes,1,2.672,0,v5.0_a6_logic_wp300_cot,0,none,1,15,3,17,forward_chain,ruletaker,6549.00,11250.00,4701.00,117.53,E0,Qwen2.5-Math-1.5B-Instruct,Q6_K,0.0,1.0,1,42,20,v1.0-qwen-math,v5.0
hybrid_v5_cot300_20260222_200019,2026-02-22T20:52:37.638375,LOG_000002,ruletaker,LOG,industry_tier1_40_v2,hybrid_v5_cot300,2,PT3_phi_chat,P3_numeric_context,logic_symbolic,A6(Primary route for LOG),0,Primary route for LOG,logic_symbolic,logic_symbolic,1,0,0,0,,0,,"[A6: Yes] Initial: 15 facts, 3 rules, 3 entities\nDerived: 2 new facts\n  + Fact(rel, ('mouse', 'chase', 'mouse'))\n  + Fact(rel, ('mouse', 'like', 'mouse'))\nQuery: Query(negated=False, rel, ('dog', 'chase', 'mous",Yes,1,Yes,1,0.962,0,v5.0_a6_logic_wp300_cot,0,none,1,15,3,17,forward_chain,ruletaker,6549.00,11250.00,4701.00,117.53,E0,Qwen2.5-Math-1.5B-Instruct,Q6_K,0.0,1.0,1,42,20,v1.0-qwen-math,v5.0
hybrid_v5_cot300_20260222_200019,2026-02-22T20:52:37.739718,LOG_000002,ruletaker,LOG,industry_tier1_40_v2,hybrid_v5_cot300,3,PT3_phi_chat,P3_numeric_context,logic_symbolic,A6(Primary route for LOG),0,Primary route for LOG,logic_symbolic,logic_symbolic,1,0,0,0,,0,,"[A6: Yes] Initial: 15 facts, 3 rules, 3 entities\nDerived: 2 new facts\n  + Fact(rel, ('mouse', 'chase', 'mouse'))\n  + Fact(rel, ('mouse', 'like', 'mouse'))\nQuery: Query(negated=False, rel, ('dog', 'chase', 'mous",Yes,1,Yes,1,0.939,0,v5.0_a6_logic_wp300_cot,0,none,1,15,3,17,forward_chain,ruletaker,6549.00,11250.00,4701.00,117.53,E0,Qwen2.5-Math-1.5B-Instruct,Q6_K,0.0,1.0,1,42,20,v1.0-qwen-math,v5.0
hybrid_v5_cot300_20260222_200019,2026-02-22T20:52:37.740466,LOG_000003,ruletaker,LOG,industry_tier1_40_v2,hybrid_v5_cot300,1,PT3_phi_chat,P3_numeric_context,logic_symbolic,A6(Primary route for LOG),0,Primary route for LOG,logic_symbolic,logic_symbolic,1,0,0,0,,0,,"[A6: Yes] Initial: 7 facts, 1 rules, 2 entities\nDerived: 1 new facts\n  + Fact(rel, ('squirrel', 'visit', 'cat'))\nQuery: Query(negated=False, rel, ('cat', 'chase', 'squirrel'))  Yes",Yes,1,Yes,1,0.501,0,v5.0_a6_logic_wp300_cot,0,none,1,7,1,8,forward_chain,ruletaker,6549.00,11250.00,4701.00,117.53,E0,Qwen2.5-Math-1.5B-Instruct,Q6_K,0.0,1.0,1,42,20,v1.0-qwen-math,v5.0
hybrid_v5_cot300_20260222_200019,2026-02-22T20:52:37.841387,LOG_000003,ruletaker,LOG,industry_tier1_40_v2,hybrid_v5_cot300,2,PT3_phi_chat,P3_numeric_context,logic_symbolic,A6(Primary route for LOG),0,Primary route for LOG,logic_symbolic,logic_symbolic,1,0,0,0,,0,,"[A6: Yes] Initial: 7 facts, 1 rules, 2 entities\nDerived: 1 new facts\n  + Fact(rel, ('squirrel', 'visit', 'cat'))\nQuery: Query(negated=False, rel, ('cat', 'chase', 'squirrel'))  Yes",Yes,1,Yes,1,0.612,0,v5.0_a6_logic_wp300_cot,0,none,1,7,1,8,forward_chain,ruletaker,6549.00,11250.00,4701.00,117.53,E0,Qwen2.5-Math-1.5B-Instruct,Q6_K,0.0,1.0,1,42,20,v1.0-qwen-math,v5.0
hybrid_v5_cot300_20260222_200019,2026-02-22T20:52:37.942371,LOG_000003,ruletaker,LOG,industry_tier1_40_v2,hybrid_v5_cot300,3,PT3_phi_chat,P3_numeric_context,logic_symbolic,A6(Primary route for LOG),0,Primary route for LOG,logic_symbolic,logic_symbolic,1,0,0,0,,0,,"[A6: Yes] Initial: 7 facts, 1 rules, 2 entities\nDerived: 1 new facts\n  + Fact(rel, ('squirrel', 'visit', 'cat'))\nQuery: Query(negated=False, rel, ('cat', 'chase', 'squirrel'))  Yes",Yes,1,Yes,1,0.612,0,v5.0_a6_logic_wp300_cot,0,none,1,7,1,8,forward_chain,ruletaker,6549.00,11250.00,4701.00,117.53,E0,Qwen2.5-Math-1.5B-Instruct,Q6_K,0.0,1.0,1,42,20,v1.0-qwen-math,v5.0
hybrid_v5_cot300_20260222_200019,2026-02-22T20:52:37.943204,LOG_000004,ruletaker,LOG,industry_tier1_40_v2,hybrid_v5_cot300,1,PT3_phi_chat,P3_numeric_context,logic_symbolic,A6(Primary route for LOG),0,Primary route for LOG,logic_symbolic,logic_symbolic,1,0,0,0,,0,,"[A6: Yes] Initial: 7 facts, 2 rules, 4 entities\nDerived: 2 new facts\n  + Fact(prop, ('bob', 'quiet'))\n  + Fact(prop, ('bob', 'smart'))\nQuery: Query(negated=False, prop, ('bob', 'smart'))  Yes",Yes,1,Yes,1,0.578,0,v5.0_a6_logic_wp300_cot,0,none,1,7,2,9,forward_chain,ruletaker,6549.00,11250.00,4701.00,117.53,E0,Qwen2.5-Math-1.5B-Instruct,Q6_K,0.0,1.0,1,42,20,v1.0-qwen-math,v5.0
hybrid_v5_cot300_20260222_200019,2026-02-22T20:52:38.044165,LOG_000004,ruletaker,LOG,industry_tier1_40_v2,hybrid_v5_cot300,2,PT3_phi_chat,P3_numeric_context,logic_symbolic,A6(Primary route for LOG),0,Primary route for LOG,logic_symbolic,logic_symbolic,1,0,0,0,,0,,"[A6: Yes] Initial: 7 facts, 2 rules, 4 entities\nDerived: 2 new facts\n  + Fact(prop, ('bob', 'quiet'))\n  + Fact(prop, ('bob', 'smart'))\nQuery: Query(negated=False, prop, ('bob', 'smart'))  Yes",Yes,1,Yes,1,0.640,0,v5.0_a6_logic_wp300_cot,0,none,1,7,2,9,forward_chain,ruletaker,6549.00,11250.00,4701.00,117.53,E0,Qwen2.5-Math-1.5B-Instruct,Q6_K,0.0,1.0,1,42,20,v1.0-qwen-math,v5.0
hybrid_v5_cot300_20260222_200019,2026-02-22T20:52:38.145178,LOG_000004,ruletaker,LOG,industry_tier1_40_v2,hybrid_v5_cot300,3,PT3_phi_chat,P3_numeric_context,logic_symbolic,A6(Primary route for LOG),0,Primary route for LOG,logic_symbolic,logic_symbolic,1,0,0,0,,0,,"[A6: Yes] Initial: 7 facts, 2 rules, 4 entities\nDerived: 2 new facts\n  + Fact(prop, ('bob', 'quiet'))\n  + Fact(prop, ('bob', 'smart'))\nQuery: Query(negated=False, prop, ('bob', 'smart'))  Yes",Yes,1,Yes,1,0.630,0,v5.0_a6_logic_wp300_cot,0,none,1,7,2,9,forward_chain,ruletaker,6549.00,11250.00,4701.00,117.53,E0,Qwen2.5-Math-1.5B-Instruct,Q6_K,0.0,1.0,1,42,20,v1.0-qwen-math,v5.0
hybrid_v5_cot300_20260222_200019,2026-02-22T20:52:38.145958,LOG_000005,ruletaker,LOG,industry_tier1_40_v2,hybrid_v5_cot300,1,PT3_phi_chat,P3_numeric_context,logic_symbolic,A6(Primary route for LOG),0,Primary route for LOG,logic_symbolic,logic_symbolic,1,0,0,0,,0,,"[A6: No] Initial: 10 facts, 1 rules, 4 entities\nDerived: 2 new facts\n  + Fact(prop, ('charlie', 'blue'))\n  + Fact(prop, ('harry', 'blue'))\nQuery: Query(negated=False, prop, ('charlie', 'cold'))  No",No,1,No,1,0.497,0,v5.0_a6_logic_wp300_cot,0,none,1,10,1,12,forward_chain,ruletaker,6549.00,11250.00,4701.00,117.53,E0,Qwen2.5-Math-1.5B-Instruct,Q6_K,0.0,1.0,1,42,20,v1.0-qwen-math,v5.0
hybrid_v5_cot300_20260222_200019,2026-02-22T20:52:38.246919,LOG_000005,ruletaker,LOG,industry_tier1_40_v2,hybrid_v5_cot300,2,PT3_phi_chat,P3_numeric_context,logic_symbolic,A6(Primary route for LOG),0,Primary route for LOG,logic_symbolic,logic_symbolic,1,0,0,0,,0,,"[A6: No] Initial: 10 facts, 1 rules, 4 entities\nDerived: 2 new facts\n  + Fact(prop, ('charlie', 'blue'))\n  + Fact(prop, ('harry', 'blue'))\nQuery: Query(negated=False, prop, ('charlie', 'cold'))  No",No,1,No,1,0.640,0,v5.0_a6_logic_wp300_cot,0,none,1,10,1,12,forward_chain,ruletaker,6549.00,11250.00,4701.00,117.53,E0,Qwen2.5-Math-1.5B-Instruct,Q6_K,0.0,1.0,1,42,20,v1.0-qwen-math,v5.0
hybrid_v5_cot300_20260222_200019,2026-02-22T20:52:38.348829,LOG_000005,ruletaker,LOG,industry_tier1_40_v2,hybrid_v5_cot300,3,PT3_phi_chat,P3_numeric_context,logic_symbolic,A6(Primary route for LOG),0,Primary route for LOG,logic_symbolic,logic_symbolic,1,0,0,0,,0,,"[A6: No] Initial: 10 facts, 1 rules, 4 entities\nDerived: 2 new facts\n  + Fact(prop, ('charlie', 'blue'))\n  + Fact(prop, ('harry', 'blue'))\nQuery: Query(negated=False, prop, ('charlie', 'cold'))  No",No,1,No,1,0.661,0,v5.0_a6_logic_wp300_cot,0,none,1,10,1,12,forward_chain,ruletaker,6549.00,11250.00,4701.00,117.53,E0,Qwen2.5-Math-1.5B-Instruct,Q6_K,0.0,1.0,1,42,20,v1.0-qwen-math,v5.0
hybrid_v5_cot300_20260222_200019,2026-02-22T20:52:38.353679,LOG_000006,ruletaker,LOG,industry_tier1_40_v2,hybrid_v5_cot300,1,PT3_phi_chat,P3_numeric_context,logic_symbolic,A6(Primary route for LOG),0,Primary route for LOG,logic_symbolic,logic_symbolic,1,0,0,0,,0,,"[A6: Yes] Initial: 15 facts, 1 rules, 2 entities\nDerived: 1 new facts\n  + Fact(negrel, ('bear', 'need', 'squirrel'))\nQuery: Query(negated=False, prop, ('bear', 'kind'))  Yes",Yes,1,Yes,1,4.154,0,v5.0_a6_logic_wp300_cot,0,none,1,15,1,16,forward_chain,ruletaker,6549.00,11250.00,4701.00,117.53,E0,Qwen2.5-Math-1.5B-Instruct,Q6_K,0.0,1.0,1,42,20,v1.0-qwen-math,v5.0
hybrid_v5_cot300_20260222_200019,2026-02-22T20:52:38.455468,LOG_000006,ruletaker,LOG,industry_tier1_40_v2,hybrid_v5_cot300,2,PT3_phi_chat,P3_numeric_context,logic_symbolic,A6(Primary route for LOG),0,Primary route for LOG,logic_symbolic,logic_symbolic,1,0,0,0,,0,,"[A6: Yes] Initial: 15 facts, 1 rules, 2 entities\nDerived: 1 new facts\n  + Fact(negrel, ('bear', 'need', 'squirrel'))\nQuery: Query(negated=False, prop, ('bear', 'kind'))  Yes",Yes,1,Yes,1,0.973,0,v5.0_a6_logic_wp300_cot,0,none,1,15,1,16,forward_chain,ruletaker,6549.00,11250.00,4701.00,117.53,E0,Qwen2.5-Math-1.5B-Instruct,Q6_K,0.0,1.0,1,42,20,v1.0-qwen-math,v5.0
hybrid_v5_cot300_20260222_200019,2026-02-22T20:52:38.556787,LOG_000006,ruletaker,LOG,industry_tier1_40_v2,hybrid_v5_cot300,3,PT3_phi_chat,P3_numeric_context,logic_symbolic,A6(Primary route for LOG),0,Primary route for LOG,logic_symbolic,logic_symbolic,1,0,0,0,,0,,"[A6: Yes] Initial: 15 facts, 1 rules, 2 entities\nDerived: 1 new facts\n  + Fact(negrel, ('bear', 'need', 'squirrel'))\nQuery: Query(negated=False, prop, ('bear', 'kind'))  Yes",Yes,1,Yes,1,0.937,0,v5.0_a6_logic_wp300_cot,0,none,1,15,1,16,forward_chain,ruletaker,6549.00,11250.00,4701.00,117.53,E0,Qwen2.5-Math-1.5B-Instruct,Q6_K,0.0,1.0,1,42,20,v1.0-qwen-math,v5.0
hybrid_v5_cot300_20260222_200019,2026-02-22T20:52:38.558768,LOG_000007,ruletaker,LOG,industry_tier1_40_v2,hybrid_v5_cot300,1,PT3_phi_chat,P3_numeric_context,logic_symbolic,A6(Primary route for LOG),0,Primary route for LOG,logic_symbolic,logic_symbolic,1,0,0,0,,0,,"[A6: No] Initial: 12 facts, 5 rules, 3 entities\nDerived: 5 new facts\n  + Fact(prop, ('bear', 'red'))\n  + Fact(prop, ('lion', 'red'))\n  + Fact(rel, ('bear', 'like', 'bear'))\n  + Fact(rel, ('lion', 'need', 'bear",No,1,No,1,1.694,0,v5.0_a6_logic_wp300_cot,0,none,1,12,5,17,forward_chain,ruletaker,6549.00,11250.00,4701.00,117.53,E0,Qwen2.5-Math-1.5B-Instruct,Q6_K,0.0,1.0,1,42,20,v1.0-qwen-math,v5.0
hybrid_v5_cot300_20260222_200019,2026-02-22T20:52:38.660790,LOG_000007,ruletaker,LOG,industry_tier1_40_v2,hybrid_v5_cot300,2,PT3_phi_chat,P3_numeric_context,logic_symbolic,A6(Primary route for LOG),0,Primary route for LOG,logic_symbolic,logic_symbolic,1,0,0,0,,0,,"[A6: No] Initial: 12 facts, 5 rules, 3 entities\nDerived: 5 new facts\n  + Fact(prop, ('bear', 'red'))\n  + Fact(prop, ('lion', 'red'))\n  + Fact(rel, ('bear', 'like', 'bear'))\n  + Fact(rel, ('lion', 'need', 'bear",No,1,No,1,1.705,0,v5.0_a6_logic_wp300_cot,0,none,1,12,5,17,forward_chain,ruletaker,6549.00,11250.00,4701.00,117.53,E0,Qwen2.5-Math-1.5B-Instruct,Q6_K,0.0,1.0,1,42,20,v1.0-qwen-math,v5.0
hybrid_v5_cot300_20260222_200019,2026-02-22T20:52:38.762934,LOG_000007,ruletaker,LOG,industry_tier1_40_v2,hybrid_v5_cot300,3,PT3_phi_chat,P3_numeric_context,logic_symbolic,A6(Primary route for LOG),0,Primary route for LOG,logic_symbolic,logic_symbolic,1,0,0,0,,0,,"[A6: No] Initial: 12 facts, 5 rules, 3 entities\nDerived: 5 new facts\n  + Fact(prop, ('bear', 'red'))\n  + Fact(prop, ('lion', 'red'))\n  + Fact(rel, ('bear', 'like', 'bear'))\n  + Fact(rel, ('lion', 'need', 'bear",No,1,No,1,1.764,0,v5.0_a6_logic_wp300_cot,0,none,1,12,5,17,forward_chain,ruletaker,6549.00,11250.00,4701.00,117.53,E0,Qwen2.5-Math-1.5B-Instruct,Q6_K,0.0,1.0,1,42,20,v1.0-qwen-math,v5.0
hybrid_v5_cot300_20260222_200019,2026-02-22T20:52:38.764531,LOG_000008,ruletaker,LOG,industry_tier1_40_v2,hybrid_v5_cot300,1,PT3_phi_chat,P3_numeric_context,logic_symbolic,A6(Primary route for LOG),0,Primary route for LOG,logic_symbolic,logic_symbolic,1,0,0,0,,0,,"[A6: No] Initial: 7 facts, 7 rules, 4 entities\nDerived: 11 new facts\n  + Fact(prop, ('anne', 'blue'))\n  + Fact(prop, ('anne', 'kind'))\n  + Fact(prop, ('anne', 'quiet'))\n  + Fact(prop, ('anne', 'smart'))\n  + Fa",No,1,No,1,1.374,0,v5.0_a6_logic_wp300_cot,0,none,1,7,7,18,forward_chain,ruletaker,6549.00,11250.00,4701.00,117.53,E0,Qwen2.5-Math-1.5B-Instruct,Q6_K,0.0,1.0,1,42,20,v1.0-qwen-math,v5.0
hybrid_v5_cot300_20260222_200019,2026-02-22T20:52:38.866323,LOG_000008,ruletaker,LOG,industry_tier1_40_v2,hybrid_v5_cot300,2,PT3_phi_chat,P3_numeric_context,logic_symbolic,A6(Primary route for LOG),0,Primary route for LOG,logic_symbolic,logic_symbolic,1,0,0,0,,0,,"[A6: No] Initial: 7 facts, 7 rules, 4 entities\nDerived: 11 new facts\n  + Fact(prop, ('anne', 'blue'))\n  + Fact(prop, ('anne', 'kind'))\n  + Fact(prop, ('anne', 'quiet'))\n  + Fact(prop, ('anne', 'smart'))\n  + Fa",No,1,No,1,1.520,0,v5.0_a6_logic_wp300_cot,0,none,1,7,7,18,forward_chain,ruletaker,6549.00,11250.00,4701.00,117.53,E0,Qwen2.5-Math-1.5B-Instruct,Q6_K,0.0,1.0,1,42,20,v1.0-qwen-math,v5.0
hybrid_v5_cot300_20260222_200019,2026-02-22T20:52:38.968320,LOG_000008,ruletaker,LOG,industry_tier1_40_v2,hybrid_v5_cot300,3,PT3_phi_chat,P3_numeric_context,logic_symbolic,A6(Primary route for LOG),0,Primary route for LOG,logic_symbolic,logic_symbolic,1,0,0,0,,0,,"[A6: No] Initial: 7 facts, 7 rules, 4 entities\nDerived: 11 new facts\n  + Fact(prop, ('anne', 'blue'))\n  + Fact(prop, ('anne', 'kind'))\n  + Fact(prop, ('anne', 'quiet'))\n  + Fact(prop, ('anne', 'smart'))\n  + Fa",No,1,No,1,1.531,0,v5.0_a6_logic_wp300_cot,0,none,1,7,7,18,forward_chain,ruletaker,6549.00,11250.00,4701.00,117.53,E0,Qwen2.5-Math-1.5B-Instruct,Q6_K,0.0,1.0,1,42,20,v1.0-qwen-math,v5.0
hybrid_v5_cot300_20260222_200019,2026-02-22T20:52:38.970145,LOG_000009,ruletaker,LOG,industry_tier1_40_v2,hybrid_v5_cot300,1,PT3_phi_chat,P3_numeric_context,logic_symbolic,A6(Primary route for LOG),0,Primary route for LOG,logic_symbolic,logic_symbolic,1,0,0,0,,0,,"[A6: Yes] Initial: 12 facts, 7 rules, 4 entities\nDerived: 4 new facts\n  + Fact(prop, ('bob', 'kind'))\n  + Fact(prop, ('eric', 'big'))\n  + Fact(prop, ('eric', 'kind'))\n  + Fact(prop, ('eric', 'red'))\nQuery: Quer",Yes,1,Yes,1,1.521,0,v5.0_a6_logic_wp300_cot,0,none,1,12,7,16,forward_chain,ruletaker,6549.00,11250.00,4701.00,117.53,E0,Qwen2.5-Math-1.5B-Instruct,Q6_K,0.0,1.0,1,42,20,v1.0-qwen-math,v5.0
hybrid_v5_cot300_20260222_200019,2026-02-22T20:52:39.072319,LOG_000009,ruletaker,LOG,industry_tier1_40_v2,hybrid_v5_cot300,2,PT3_phi_chat,P3_numeric_context,logic_symbolic,A6(Primary route for LOG),0,Primary route for LOG,logic_symbolic,logic_symbolic,1,0,0,0,,0,,"[A6: Yes] Initial: 12 facts, 7 rules, 4 entities\nDerived: 4 new facts\n  + Fact(prop, ('bob', 'kind'))\n  + Fact(prop, ('eric', 'big'))\n  + Fact(prop, ('eric', 'kind'))\n  + Fact(prop, ('eric', 'red'))\nQuery: Quer",Yes,1,Yes,1,1.809,0,v5.0_a6_logic_wp300_cot,0,none,1,12,7,16,forward_chain,ruletaker,6549.00,11250.00,4701.00,117.53,E0,Qwen2.5-Math-1.5B-Instruct,Q6_K,0.0,1.0,1,42,20,v1.0-qwen-math,v5.0
hybrid_v5_cot300_20260222_200019,2026-02-22T20:52:39.174705,LOG_000009,ruletaker,LOG,industry_tier1_40_v2,hybrid_v5_cot300,3,PT3_phi_chat,P3_numeric_context,logic_symbolic,A6(Primary route for LOG),0,Primary route for LOG,logic_symbolic,logic_symbolic,1,0,0,0,,0,,"[A6: Yes] Initial: 12 facts, 7 rules, 4 entities\nDerived: 4 new facts\n  + Fact(prop, ('bob', 'kind'))\n  + Fact(prop, ('eric', 'big'))\n  + Fact(prop, ('eric', 'kind'))\n  + Fact(prop, ('eric', 'red'))\nQuery: Quer",Yes,1,Yes,1,1.597,0,v5.0_a6_logic_wp300_cot,0,none,1,12,7,16,forward_chain,ruletaker,6549.00,11250.00,4701.00,117.53,E0,Qwen2.5-Math-1.5B-Instruct,Q6_K,0.0,1.0,1,42,20,v1.0-qwen-math,v5.0
hybrid_v5_cot300_20260222_200019,2026-02-22T20:52:39.175998,LOG_000010,ruletaker,LOG,industry_tier1_40_v2,hybrid_v5_cot300,1,PT3_phi_chat,P3_numeric_context,logic_symbolic,A6(Primary route for LOG),0,Primary route for LOG,logic_symbolic,logic_symbolic,1,0,0,0,,0,,"[A6: No] Initial: 7 facts, 4 rules, 4 entities\nDerived: 3 new facts\n  + Fact(prop, ('charlie', 'green'))\n  + Fact(prop, ('charlie', 'red'))\n  + Fact(prop, ('charlie', 'rough'))\nQuery: Query(negated=False, prop",No,1,No,1,1.025,0,v5.0_a6_logic_wp300_cot,0,none,1,7,4,10,forward_chain,ruletaker,6549.00,11250.00,4701.00,117.53,E0,Qwen2.5-Math-1.5B-Instruct,Q6_K,0.0,1.0,1,42,20,v1.0-qwen-math,v5.0
hybrid_v5_cot300_20260222_200019,2026-02-22T20:52:39.277488,LOG_000010,ruletaker,LOG,industry_tier1_40_v2,hybrid_v5_cot300,2,PT3_phi_chat,P3_numeric_context,logic_symbolic,A6(Primary route for LOG),0,Primary route for LOG,logic_symbolic,logic_symbolic,1,0,0,0,,0,,"[A6: No] Initial: 7 facts, 4 rules, 4 entities\nDerived: 3 new facts\n  + Fact(prop, ('charlie', 'green'))\n  + Fact(prop, ('charlie', 'red'))\n  + Fact(prop, ('charlie', 'rough'))\nQuery: Query(negated=False, prop",No,1,No,1,1.159,0,v5.0_a6_logic_wp300_cot,0,none,1,7,4,10,forward_chain,ruletaker,6549.00,11250.00,4701.00,117.53,E0,Qwen2.5-Math-1.5B-Instruct,Q6_K,0.0,1.0,1,42,20,v1.0-qwen-math,v5.0
hybrid_v5_cot300_20260222_200019,2026-02-22T20:52:39.379434,LOG_000010,ruletaker,LOG,industry_tier1_40_v2,hybrid_v5_cot300,3,PT3_phi_chat,P3_numeric_context,logic_symbolic,A6(Primary route for LOG),0,Primary route for LOG,logic_symbolic,logic_symbolic,1,0,0,0,,0,,"[A6: No] Initial: 7 facts, 4 rules, 4 entities\nDerived: 3 new facts\n  + Fact(prop, ('charlie', 'green'))\n  + Fact(prop, ('charlie', 'red'))\n  + Fact(prop, ('charlie', 'rough'))\nQuery: Query(negated=False, prop",No,1,No,1,1.247,0,v5.0_a6_logic_wp300_cot,0,none,1,7,4,10,forward_chain,ruletaker,6549.00,11250.00,4701.00,117.53,E0,Qwen2.5-Math-1.5B-Instruct,Q6_K,0.0,1.0,1,42,20,v1.0-qwen-math,v5.0
